slug,category,png_url
aa-bowl,food-drink,https://lftz25oez4aqbxpq.public.blob.vercel-storage.com/image-wQgMR78TDmiOHo6Y3eKP343i0oYuyD.png
aaruul,food-drink,https://lftz25oez4aqbxpq.public.blob.vercel-storage.com/image-zX4Dt01lHkZMpEAhdJC5ExK1TmQJ7P.png
acai-bowl,food-drink,https://lftz25oez4aqbxpq.public.blob.vercel-storage.com/image-gsut2r07IEtMm3zuj7Rp2HITDbhxWx.png
aeropress,food-drink,https://lftz25oez4aqbxpq.public.blob.vercel-storage.com/image-XrRMX0OhetXD1c7zrnd8hVNRnstUOa.png
affogato,food-drink,https://lftz25oez4aqbxpq.public.blob.vercel-storage.com/image-4otRr4spAmpSWPZB9GDSXOgtPktXHo.png
agave-syrup,food-drink,https://lftz25oez4aqbxpq.public.blob.vercel-storage.com/image-SDqzER1jAqTuu2ZnoDBr17QADehB5x.png
agedashi-tofu,food-drink,https://lftz25oez4aqbxpq.public.blob.vercel-storage.com/image-9HUstLxvtss1jiPXD6guYRvBlXFX0h.png
aioli,food-drink,https://lftz25oez4aqbxpq.public.blob.vercel-storage.com/image-4KTYc3IfiBs9bubqpvxiSrdSbLWfHc.png
ale-braised-steak-kidney-pie,food-drink,https://lftz25oez4aqbxpq.public.blob.vercel-storage.com/image-nJpbMCx0Aq79pgltSUKbopCysg8QJ8.png
alloco,food-drink,https://lftz25oez4aqbxpq.public.blob.vercel-storage.com/image-oPpL0Lu3scvD5Zht43wXjnxDtsTTeg.png
almond,food-drink,https://lftz25oez4aqbxpq.public.blob.vercel-storage.com/image-v4QqtgUT65fjxf4afTk8FCkybNYAiq.png
aloe-vera-drink,food-drink,https://lftz25oez4aqbxpq.public.blob.vercel-storage.com/image-o4Hbyzvu79fgBcr1jp2dgaKGMjBzPf.png
anise,food-drink,https://lftz25oez4aqbxpq.public.blob.vercel-storage.com/image-eJDZGYiyPwvlfWYubCA99CwSs2gnzV.png
aperitivo,food-drink,https://lftz25oez4aqbxpq.public.blob.vercel-storage.com/image-SN4iufjs5K6s5Mxwkinr9Yh5YlNX5I.png
aperol-spritz,food-drink,https://lftz25oez4aqbxpq.public.blob.vercel-storage.com/image-J1hOYsxgK1n6CSMnEsqPyDX7OhsvaC.png
apple,food-drink,https://lftz25oez4aqbxpq.public.blob.vercel-storage.com/image-PGsquqsWiNY7oX6G4drTdq36ieTBjG.png
apple-crumble,food-drink,https://lftz25oez4aqbxpq.public.blob.vercel-storage.com/image-L3vdxgJbljnsVu7yXQSfNxfRoFxS9n.png
apple-guava,food-drink,https://lftz25oez4aqbxpq.public.blob.vercel-storage.com/image-NR0vfJtjHoVoJwNBBCNUbgTki7arLY.png
apple-juice,food-drink,https://lftz25oez4aqbxpq.public.blob.vercel-storage.com/image-T446yxGDyo35iFttPFtnCZeyPpzm8r.png
apple-pie,food-drink,https://lftz25oez4aqbxpq.public.blob.vercel-storage.com/image-LWlDs63RldvAS92iZOZbpSzzByBGj1.png
apple-slices,food-drink,https://lftz25oez4aqbxpq.public.blob.vercel-storage.com/image-kXJ9SR8tBhb8EzxDB0N2rN7Sx4Oqjm.png
apricot,food-drink,https://lftz25oez4aqbxpq.public.blob.vercel-storage.com/image-Z0XqvzJFfoxD7OLa7twGAmDQYnyTtl.png
apron,food-drink,https://lftz25oez4aqbxpq.public.blob.vercel-storage.com/image-p301qctoyZ0FAyfzJGfIbqOrr6wlfB.png
arepa,food-drink,https://lftz25oez4aqbxpq.public.blob.vercel-storage.com/image-ElUJAyxcRVHJkNw7oBRIsG5GF7hIgt.png
aronia-berry,food-drink,https://lftz25oez4aqbxpq.public.blob.vercel-storage.com/image-5tau3oqzQ7ORLDUQI0y101cYzJaYhc.png
arroz-frito-estilo-chaufa,food-drink,https://lftz25oez4aqbxpq.public.blob.vercel-storage.com/image-xYoYE3L95Pd5uJ0KQnsOZPl3LiT8VP.png
artichoke,food-drink,https://lftz25oez4aqbxpq.public.blob.vercel-storage.com/image-1YEICMUBE0cs3ZFWbytrmquTVGWbsK.png
artisan-cheese,food-drink,https://lftz25oez4aqbxpq.public.blob.vercel-storage.com/image-KSBwkt0fz2SiPEjnXlqkCzFgdrymMw.png
artisan-cheese-board,food-drink,https://lftz25oez4aqbxpq.public.blob.vercel-storage.com/image-fYheFQhrmmXaRT3spSs8riGjnHPVzf.png
ataulfo-mango,food-drink,https://lftz25oez4aqbxpq.public.blob.vercel-storage.com/image-ZCpKOyBXqPvmreUGXvFDyXwjP58QNP.png
australian-meat-pie,food-drink,https://lftz25oez4aqbxpq.public.blob.vercel-storage.com/image-8mMV79GqFh0c5WlyV8kwPgNPhX2vCR.png
aviation,food-drink,https://lftz25oez4aqbxpq.public.blob.vercel-storage.com/image-beacW0KdlDsgkKLPlf4mZPPoJikHVt.png
avocado,food-drink,https://lftz25oez4aqbxpq.public.blob.vercel-storage.com/image-dB0Lnna9SnPK6FovcZxwjRtkxgSPBu.png
avocado-rose,food-drink,https://lftz25oez4aqbxpq.public.blob.vercel-storage.com/image-sOtqWLKX9ZfaZs0aScbQnsA0fjZ6el.png
avocado-rose-toast,food-drink,https://lftz25oez4aqbxpq.public.blob.vercel-storage.com/image-P3YvZQ5bwtZrUm0lYUgbwTyqfZ1Brd.png
avocado-toast,food-drink,https://lftz25oez4aqbxpq.public.blob.vercel-storage.com/image-lJlOFYOy1qp3kBlO2e0WrrMuItmDMX.png
ay-turkish-tea,food-drink,https://lftz25oez4aqbxpq.public.blob.vercel-storage.com/image-BYWpFGLLkPElY7Z2gbWuW8GnClAGla.png
baba-ganoush,food-drink,https://lftz25oez4aqbxpq.public.blob.vercel-storage.com/image-xWHxemyFoq1VDrDIBUmgnTWxdVuowL.png
baby-potato,food-drink,https://lftz25oez4aqbxpq.public.blob.vercel-storage.com/image-mSBb1E5JwaW0jW2vdHAxQNXhX6tjrq.png
bacon,food-drink,https://lftz25oez4aqbxpq.public.blob.vercel-storage.com/image-bzDzQMJYoNLh9FH1afsjIwa42lPao9.png
bacon-jam,food-drink,https://lftz25oez4aqbxpq.public.blob.vercel-storage.com/image-Vom534NxCT8J9W2Xhli65cNhAsdYqY.png
bacon-wrapped-dates,food-drink,https://lftz25oez4aqbxpq.public.blob.vercel-storage.com/image-RIq9ymDwSl4I5xKDBpnj33HeT0JQ7i.png
bacon-wrapped-hot-dog,food-drink,https://lftz25oez4aqbxpq.public.blob.vercel-storage.com/image-5kOoa5khtyfpoeUMu01CD9KW4lr9TC.png
bacon-wrapped-jalapeno,food-drink,https://lftz25oez4aqbxpq.public.blob.vercel-storage.com/image-Y5wSif2xZ8rLm7wC2RvbkOqe9H2twg.png
bag-of-skittles,food-drink,https://lftz25oez4aqbxpq.public.blob.vercel-storage.com/image-nVpWHTp7s7T6Mhp1BjGdOUOhBSqWns.png
bagel,food-drink,https://lftz25oez4aqbxpq.public.blob.vercel-storage.com/image-t530xa4qDhOSambh8UqJLy6VUwEsX3.png
bagel-1,food-drink,https://lftz25oez4aqbxpq.public.blob.vercel-storage.com/image-86ycFZ9eu2EgjOQwcdOKkwpZ6QuqAc.png
baguette,food-drink,https://lftz25oez4aqbxpq.public.blob.vercel-storage.com/image-j09SjN7IVQChRChhcG4DQd2XX9D6NP.png
baked-alaska,food-drink,https://lftz25oez4aqbxpq.public.blob.vercel-storage.com/image-Q0PvXiKOedR1a1excWmqDY3NZ1DeOy.png
baked-beans-on-toast-with-cheese,food-drink,https://lftz25oez4aqbxpq.public.blob.vercel-storage.com/image-2mRnq2zVB2ry82inX144oGyjY1XTeX.png
bakers-oven,food-drink,https://lftz25oez4aqbxpq.public.blob.vercel-storage.com/image-DQ6mTzMgafxfVyUuSQurDk2ErlcqzA.png
baking-cooling-rack,food-drink,https://lftz25oez4aqbxpq.public.blob.vercel-storage.com/image-VWXGDVdWrG4ImNn7dci68obQBiR2Zq.png
baking-paper,food-drink,https://lftz25oez4aqbxpq.public.blob.vercel-storage.com/image-i8IF99OE2BikVCCxGZ4CsUnPbMe62N.png
baking-sheet,food-drink,https://lftz25oez4aqbxpq.public.blob.vercel-storage.com/image-2NoXDNcHMqAOD30pLAzPF1exnXpCzv.png
baklava,food-drink,https://lftz25oez4aqbxpq.public.blob.vercel-storage.com/image-zsCS9ih5tpmPPIfY3mOMicQi3bq6Oz.png
balsamic-vinegar,food-drink,https://lftz25oez4aqbxpq.public.blob.vercel-storage.com/image-kYQm2HKtZ4zYPkpaHfNToD9TteBBbj.png
bamboo-steamer-basket,food-drink,https://lftz25oez4aqbxpq.public.blob.vercel-storage.com/image-hEFXX7lh7Q5TyW9alywLCUPG4XAEAy.png
banana,food-drink,https://lftz25oez4aqbxpq.public.blob.vercel-storage.com/image-mLIzz1a3BcyWlL2gqM5P7hK76WDldX.png
banana-1,food-drink,https://lftz25oez4aqbxpq.public.blob.vercel-storage.com/image-Pv8XlpX4Z5afDLnESkcNRVHEBXC1Tc.png
banana-blossom,food-drink,https://lftz25oez4aqbxpq.public.blob.vercel-storage.com/image-U0TYSeNQjyndtfWJIoOTcjXPNPFnOs.png
banana-bread,food-drink,https://lftz25oez4aqbxpq.public.blob.vercel-storage.com/image-Bd8tOaMPCmGdr2XzSCNiP9FbrVfyCs.png
banana-bunch,food-drink,https://lftz25oez4aqbxpq.public.blob.vercel-storage.com/image-L3FytGLlv3Sss2wixNplfFYCOPN8mQ.png
banana-ketchup,food-drink,https://lftz25oez4aqbxpq.public.blob.vercel-storage.com/image-IP4UQR0W4WH89ocK42WCu9Y6O1Y3jF.png
banana-peel,food-drink,https://lftz25oez4aqbxpq.public.blob.vercel-storage.com/image-pM7F9KF7Jrv2CxskuHSztHyE6URtQJ.png
banana-pudding,food-drink,https://lftz25oez4aqbxpq.public.blob.vercel-storage.com/image-STvGbn0OmlX6tVTwXLQ0BAZ9vUtIlx.png
banana-split,food-drink,https://lftz25oez4aqbxpq.public.blob.vercel-storage.com/image-v9LD0CQTcidSAlA0iqRE77TatOHemO.png
banh-lot-noodles,food-drink,https://lftz25oez4aqbxpq.public.blob.vercel-storage.com/image-K7QLeIsKtLXncPJbAsWOT23NIsfrSX.png
bao,food-drink,https://lftz25oez4aqbxpq.public.blob.vercel-storage.com/image-Um4xtW1iB6MImSTTQFc9CAbQAXTLJN.png
bao-bun,food-drink,https://lftz25oez4aqbxpq.public.blob.vercel-storage.com/image-Y0ene6y246ip36lqOlIAq4iCs7Rkp9.png
baozi,food-drink,https://lftz25oez4aqbxpq.public.blob.vercel-storage.com/image-bPqUQo8UeUD2rNWSczzdTFCYdtCHxJ.png
bar-table,food-drink,https://lftz25oez4aqbxpq.public.blob.vercel-storage.com/image-aUiARbCY0wCIK1jw5Y4xZGE2D73OrE.png
barley-tea,food-drink,https://lftz25oez4aqbxpq.public.blob.vercel-storage.com/image-ihnsNpkmyL6ci9pMJP9d7OnQ2eXIKB.png
basque-cider-bottle,food-drink,https://lftz25oez4aqbxpq.public.blob.vercel-storage.com/image-UniKTD4nG5CNZm6T5SohIgWWI2chJO.png
batard,food-drink,https://lftz25oez4aqbxpq.public.blob.vercel-storage.com/image-F7d1EcHOj8WV4DIvwdD8eprAOGlJah.png
bavarian-white-sausages,food-drink,https://lftz25oez4aqbxpq.public.blob.vercel-storage.com/image-c9Yd6lJhh6LYvqZ7RID6Wo7OZ0HJhf.png
bay-leaf,food-drink,https://lftz25oez4aqbxpq.public.blob.vercel-storage.com/image-a1Bp7l4UhyaDPfldVai2Bimu0X4Fxk.png
bbq-grill,food-drink,https://lftz25oez4aqbxpq.public.blob.vercel-storage.com/image-4xA7gcl2dR12aFU2IQxpZKIVa1cB0s.png
bbq-sauce,food-drink,https://lftz25oez4aqbxpq.public.blob.vercel-storage.com/image-oWHdG0HEW6qUFTI0xr86iqVu5Cg7EL.png
beef,food-drink,https://lftz25oez4aqbxpq.public.blob.vercel-storage.com/image-LXkFC9H9ctwTnZfMvaUuAe6tglLq8P.png
beef-jerky,food-drink,https://lftz25oez4aqbxpq.public.blob.vercel-storage.com/image-g4M7NgDSqKjtc28u6FCXg8VqLocYNc.png
adt-truck,vehicles-transport,https://lftz25oez4aqbxpq.public.blob.vercel-storage.com/image-dIr2pdu70fO1lnHDszrlLto3dxUI5s.png
aero-engine,vehicles-transport,https://lftz25oez4aqbxpq.public.blob.vercel-storage.com/image-n03KnqAEIp2eIklEfKUc4zd7z6wd3d.png
aerocar,vehicles-transport,https://lftz25oez4aqbxpq.public.blob.vercel-storage.com/image-53hFVYrvkSlgCGvlPX97QiqdC9F9Jn.png
aeroplane,vehicles-transport,https://lftz25oez4aqbxpq.public.blob.vercel-storage.com/image-OhOM7JB8YtWyJLwOJU2L3eHHTTWitp.png
airboat,vehicles-transport,https://lftz25oez4aqbxpq.public.blob.vercel-storage.com/image-wpy1mzFeMiH7yrTMSHQZJCOPU82Ogf.png
aircraft-carrier,vehicles-transport,https://lftz25oez4aqbxpq.public.blob.vercel-storage.com/image-E10ddx4yuaRPkhoi7tZs0Noj4Dv3MZ.png
aircraft-tug,vehicles-transport,https://lftz25oez4aqbxpq.public.blob.vercel-storage.com/image-8Xbns3oB1E4kKOxpeWXwAaewUyMfnU.png
airplane,vehicles-transport,https://lftz25oez4aqbxpq.public.blob.vercel-storage.com/image-v0LP91OBaZckcNrHRNpH4uXzImn4v5.png
airplane-seat,vehicles-transport,https://lftz25oez4aqbxpq.public.blob.vercel-storage.com/image-mzY8QJT6Y7gdZOSGhuyyV1St2Rq5v2.png
airport-baggage-cart,vehicles-transport,https://lftz25oez4aqbxpq.public.blob.vercel-storage.com/image-Y504mHiuXqRC9gYwO03Fbhs9x7vDY7.png
airport-crash-tender,vehicles-transport,https://lftz25oez4aqbxpq.public.blob.vercel-storage.com/image-tk1sgfOzlTUkp6ue7mmgpvUC1bW07S.png
airport-follow-me-car,vehicles-transport,https://lftz25oez4aqbxpq.public.blob.vercel-storage.com/image-oUuyNogpK7MtNjjNHd5li4bdVGPhx9.png
airport-fuel-truck,vehicles-transport,https://lftz25oez4aqbxpq.public.blob.vercel-storage.com/image-ZdGpQa61folTOntsOixQ6lbG6YzALR.png
airport-luggage-tug,vehicles-transport,https://lftz25oez4aqbxpq.public.blob.vercel-storage.com/image-J6DUUhS1IYbFm2LS0i3fL76iUaiZaM.png
airport-stair-truck,vehicles-transport,https://lftz25oez4aqbxpq.public.blob.vercel-storage.com/image-xQswhBMpfEkT0n10xrh5KorVlpYx6S.png
all-terrain-stroller,vehicles-transport,https://lftz25oez4aqbxpq.public.blob.vercel-storage.com/image-eFSCYqQIhIwENZu5hX3bvx6XM4Ghlk.png
ambulance,vehicles-transport,https://lftz25oez4aqbxpq.public.blob.vercel-storage.com/image-AYUl8fBBUAB87V9MUkKFWYlwiYC14i.png
amphibious-car,vehicles-transport,https://lftz25oez4aqbxpq.public.blob.vercel-storage.com/image-cvtR924inU2mQPl5r9JRznho0Xe65k.png
amphibious-tour-bus,vehicles-transport,https://lftz25oez4aqbxpq.public.blob.vercel-storage.com/image-npy033gwsmNb3ksd3EHqk3fy8lf3TG.png
amphibious-vehicle,vehicles-transport,https://lftz25oez4aqbxpq.public.blob.vercel-storage.com/image-mc2odq2ARt0w1Gu9uqNpKwNvLN7XlG.png
anchor,vehicles-transport,https://lftz25oez4aqbxpq.public.blob.vercel-storage.com/image-jgrwP8Mzi38N96iN3P1S9h2XuJfbdX.png
antique-farm-wagon,vehicles-transport,https://lftz25oez4aqbxpq.public.blob.vercel-storage.com/image-t6eHhlVbbhFw4zAmmfyaXXXJa92t0w.png
antique-fire-engine,vehicles-transport,https://lftz25oez4aqbxpq.public.blob.vercel-storage.com/image-9IhROVM8JdIN8Q211KtkaluK7NwAjA.png
armored-personnel-carrier,vehicles-transport,https://lftz25oez4aqbxpq.public.blob.vercel-storage.com/image-EMqnsWb5PIQUobV28gjn8hkjG7j4RR.png
armored-police-van,vehicles-transport,https://lftz25oez4aqbxpq.public.blob.vercel-storage.com/image-7YgSJJVZzIP4RyZcNIsd1NjfV64RFM.png
armored-truck,vehicles-transport,https://lftz25oez4aqbxpq.public.blob.vercel-storage.com/image-b1UNH9QPNYWCYq1Rt7McXvgfG8Y6qy.png
articulated-bus,vehicles-transport,https://lftz25oez4aqbxpq.public.blob.vercel-storage.com/image-7Rur7GxkhvmFLGBqvF3pX5e8LR415D.png
articulated-dump-truck,vehicles-transport,https://lftz25oez4aqbxpq.public.blob.vercel-storage.com/image-SQjAM6IKGAs7KV8UMnRxc15rPjvmGy.png
articulated-logging-truck,vehicles-transport,https://lftz25oez4aqbxpq.public.blob.vercel-storage.com/image-tMSeq59mShDUloDZnbfd7q4BXXpY3g.png
articulated-tram,vehicles-transport,https://lftz25oez4aqbxpq.public.blob.vercel-storage.com/image-tSlfJUAxoPllm98i8N9eOyvhenFOWn.png
atv,vehicles-transport,https://lftz25oez4aqbxpq.public.blob.vercel-storage.com/image-VrBblQHiDigqdyPSEG2ziQ4Ou2ieBA.png
autonomous-cargo-robot,vehicles-transport,https://lftz25oez4aqbxpq.public.blob.vercel-storage.com/image-chque2sHUQsXB6uBBiYs7YIu7mUSC2.png
autonomous-taxi,vehicles-transport,https://lftz25oez4aqbxpq.public.blob.vercel-storage.com/image-ECjjlDKoYtTyt2v4YWrAuIu31UYbmV.png
b2-bomber,vehicles-transport,https://lftz25oez4aqbxpq.public.blob.vercel-storage.com/image-DssBxVuNhU9PvdGj7FLa4sRgzMcTCA.png
bamboo-bicycle,vehicles-transport,https://lftz25oez4aqbxpq.public.blob.vercel-storage.com/image-BMsSgs62uru0QH55ojO3qW7ppMuHO4.png
bamboo-raft,vehicles-transport,https://lftz25oez4aqbxpq.public.blob.vercel-storage.com/image-bmBLtefkW1zFZIK8srHQFFJKyOBEm9.png
beach-cruiser-bike,vehicles-transport,https://lftz25oez4aqbxpq.public.blob.vercel-storage.com/image-0e9yHqatioymBJRGF5E4HdvELqOH2Q.png
beach-golf-cart,vehicles-transport,https://lftz25oez4aqbxpq.public.blob.vercel-storage.com/image-UfKbEOHKMpslwoYgKSEhykAqfJC6gH.png
bicycle,vehicles-transport,https://lftz25oez4aqbxpq.public.blob.vercel-storage.com/image-PaCc0tIkRuwOlV8GdtTxkKQfa1Dfdu.png
bicycle-lock,vehicles-transport,https://lftz25oez4aqbxpq.public.blob.vercel-storage.com/image-Zz8qlIdtQAi3VerSTGKqSx6O3gUeaz.png
bike-pump,vehicles-transport,https://lftz25oez4aqbxpq.public.blob.vercel-storage.com/image-tVnQSYPuezxgR1OrtpEIMV8pn4KxGK.png
biplane,vehicles-transport,https://lftz25oez4aqbxpq.public.blob.vercel-storage.com/image-BUnsInn0zdX2ZdtHBgDnrtgdofFSLm.png
black-car,vehicles-transport,https://lftz25oez4aqbxpq.public.blob.vercel-storage.com/image-zdjjW4Ui16VYcbFU2CQ21dnzpnTAq8.png
blackhawk-helicopter,vehicles-transport,https://lftz25oez4aqbxpq.public.blob.vercel-storage.com/image-2bDUNM6X7PSu93MRojykNlWUlB0rkB.png
blue-car,vehicles-transport,https://lftz25oez4aqbxpq.public.blob.vercel-storage.com/image-bgzcMvb8d5gHPivSI4Nkx41Zq1ExAP.png
boat,vehicles-transport,https://lftz25oez4aqbxpq.public.blob.vercel-storage.com/image-Iy3td04F3W9maaDXJ15mBgY3neSWcV.png
boat-trailer,vehicles-transport,https://lftz25oez4aqbxpq.public.blob.vercel-storage.com/image-z3ukt1BbUg7YI6UCYDHGWpCQ8mqLJc.png
bobby-car,vehicles-transport,https://lftz25oez4aqbxpq.public.blob.vercel-storage.com/image-5YUGBDbf1p1aQ3uPtmaHvaqsJzPLYe.png
boda-boda,vehicles-transport,https://lftz25oez4aqbxpq.public.blob.vercel-storage.com/image-uy7iTpGmmVvWLXunP9ooCUemAewIg7.png
boeing-787-dreamliner,vehicles-transport,https://lftz25oez4aqbxpq.public.blob.vercel-storage.com/image-NHvIQ9NKg8ZKfcekad3IEP5xohHy55.png
bottle-water-truck,vehicles-transport,https://lftz25oez4aqbxpq.public.blob.vercel-storage.com/image-FiK4xOHIG9MtoNcVcMlCNjy5HMqcmF.png
bubble-car,vehicles-transport,https://lftz25oez4aqbxpq.public.blob.vercel-storage.com/image-zfAglwyBQT4RG7K2DTJfOFb88WdUaW.png
bubble-taxi,vehicles-transport,https://lftz25oez4aqbxpq.public.blob.vercel-storage.com/image-V1CmbWdzgPEeMFF5Izxbq86QVCBM0d.png
bulldozer,vehicles-transport,https://lftz25oez4aqbxpq.public.blob.vercel-storage.com/image-z0ZhVjqJ2YRczY2UMkZt14vdtiFTiZ.png
bullet-train,vehicles-transport,https://lftz25oez4aqbxpq.public.blob.vercel-storage.com/image-hjnVznOvQIjHHprVQ4VHEAGREHxoJg.png
bus,vehicles-transport,https://lftz25oez4aqbxpq.public.blob.vercel-storage.com/image-eul8D3pWw6n8J32F5tqJHvnYub3mwd.png
cable-car,vehicles-transport,https://lftz25oez4aqbxpq.public.blob.vercel-storage.com/image-HYQnt1cKqrErRugmhw7AQzUFzAWI5s.png
cable-ferry,vehicles-transport,https://lftz25oez4aqbxpq.public.blob.vercel-storage.com/image-DIeJwP7TVjRJRbgayBeBG0Mepzp8sK.png
cable-track-trolley,vehicles-transport,https://lftz25oez4aqbxpq.public.blob.vercel-storage.com/image-ZrjbKzwC9QeNJYgBB1dEcepjB7aVKV.png
cableway,vehicles-transport,https://lftz25oez4aqbxpq.public.blob.vercel-storage.com/image-dumRwKwLiheAdmr6QgcyqUFxpPPAzg.png
camper-van,vehicles-transport,https://lftz25oez4aqbxpq.public.blob.vercel-storage.com/image-NOvzk0xvrGxkGmzdmkRUHpeTYC1odi.png
canoe,vehicles-transport,https://lftz25oez4aqbxpq.public.blob.vercel-storage.com/image-tw0JkXwFrmYzpwl726d5tji7gE1yNR.png
car,vehicles-transport,https://lftz25oez4aqbxpq.public.blob.vercel-storage.com/image-BUdFzT6W46HCgNoa5ncDJwdfqXzfqq.png
car-battery,vehicles-transport,https://lftz25oez4aqbxpq.public.blob.vercel-storage.com/image-JgagqfPJ52ovXvCZc6gQrjRpakDVh7.png
car-breakdown,vehicles-transport,https://lftz25oez4aqbxpq.public.blob.vercel-storage.com/image-qkVWFJyFeLwc2TFeRkQDjsMUqGwA93.png
car-charging,vehicles-transport,https://lftz25oez4aqbxpq.public.blob.vercel-storage.com/image-NBwa2uvgyIT31jZ4CIEvlkmh71t5yf.png
car-jack,vehicles-transport,https://lftz25oez4aqbxpq.public.blob.vercel-storage.com/image-roY1EjV04GzOl9H1Ye5zRalP2mMqC4.png
car-rim,vehicles-transport,https://lftz25oez4aqbxpq.public.blob.vercel-storage.com/image-y7f9ZJgpPYPrFCqXZGUB7lQ4oeHz8y.png
car-seat,vehicles-transport,https://lftz25oez4aqbxpq.public.blob.vercel-storage.com/image-fO5uPnw3KD0Ohihy6Qyc7IqOPtwtMR.png
car-wheel,vehicles-transport,https://lftz25oez4aqbxpq.public.blob.vercel-storage.com/image-t8L7ywLvdKCZd462DuFuIWLiBJmqBI.png
car-with-missing-wheel,vehicles-transport,https://lftz25oez4aqbxpq.public.blob.vercel-storage.com/image-1vm53OGKOAbv1TfZZlygDMb4Z4FYoH.png
car-with-roof-tent,vehicles-transport,https://lftz25oez4aqbxpq.public.blob.vercel-storage.com/image-JawLw7a2G3ba8jCKLlyFa92lYyUm01.png
caravan,vehicles-transport,https://lftz25oez4aqbxpq.public.blob.vercel-storage.com/image-zCj2PpBOx141nqdrdGWOTEMKOkcpKw.png
caravel,vehicles-transport,https://lftz25oez4aqbxpq.public.blob.vercel-storage.com/image-J8oQUhYy8WOOdmSM3aZX4nQWtlZE0C.png
cargo-bicycle,vehicles-transport,https://lftz25oez4aqbxpq.public.blob.vercel-storage.com/image-5TnyLVfcy4rELjhURcUDcnDyAs47Fx.png
cargo-plane,vehicles-transport,https://lftz25oez4aqbxpq.public.blob.vercel-storage.com/image-vcc48r1OhJqfVn2ylxSxkKPdvfJ0BF.png
cargo-ship,vehicles-transport,https://lftz25oez4aqbxpq.public.blob.vercel-storage.com/image-oiqD0U8EqndcHAf0IT5AtJWiUwMlKr.png
cargo-van,vehicles-transport,https://lftz25oez4aqbxpq.public.blob.vercel-storage.com/image-zUwTTkRPgqUGxPRKqL9wmpWqibTuRH.png
cargo-zeppelin,vehicles-transport,https://lftz25oez4aqbxpq.public.blob.vercel-storage.com/image-GnDZvq5O8u4LcPuCdmm23GBlIAZvWA.png
carwash,vehicles-transport,https://lftz25oez4aqbxpq.public.blob.vercel-storage.com/image-mW6Rd8z4qv7PjofeUwk2QHeLf5HILj.png
accordion,entertainment-leisure,https://lftz25oez4aqbxpq.public.blob.vercel-storage.com/image-EdoeyUqyt8ncd37AadGgnZdXwplh31.png
action-figure,entertainment-leisure,https://lftz25oez4aqbxpq.public.blob.vercel-storage.com/image-YMixREvfELaapoypBz0kd7y7Tc3RxW.png
air-hockey,entertainment-leisure,https://lftz25oez4aqbxpq.public.blob.vercel-storage.com/image-yqLbfOpz5w0prk6KR0mVF0emEdlnH9.png
album-cover,entertainment-leisure,https://lftz25oez4aqbxpq.public.blob.vercel-storage.com/image-DgEbV9BSCFmDYszvPKWJ80K6q3zid4.png
animal-crossing-leaf,entertainment-leisure,https://lftz25oez4aqbxpq.public.blob.vercel-storage.com/image-oprWuNCKg5nE8SWn8tgcj9igibtfd8.png
anime,entertainment-leisure,https://lftz25oez4aqbxpq.public.blob.vercel-storage.com/image-JMkefukJf7q7HXaquuggtILrCphv7O.png
arcade-console,entertainment-leisure,https://lftz25oez4aqbxpq.public.blob.vercel-storage.com/image-pZ2GMPf6kydIasxdicUS0KKXj78rdY.png
arcade-machine,entertainment-leisure,https://lftz25oez4aqbxpq.public.blob.vercel-storage.com/image-JNZ3AZvnuR7v6G01gt7Ax6MxRfEG0L.png
arcade-ticket-dispenser,entertainment-leisure,https://lftz25oez4aqbxpq.public.blob.vercel-storage.com/image-4Mtx9ctKQKNvqPfxQt7BIN5Q6yPbW3.png
arcade-token,entertainment-leisure,https://lftz25oez4aqbxpq.public.blob.vercel-storage.com/image-6eYi9i1kMManNeMVZqMWwhpYyujJcq.png
backgammon,entertainment-leisure,https://lftz25oez4aqbxpq.public.blob.vercel-storage.com/image-5ECNDAmZ55TlxahGTGzMOugKf48O86.png
ball-pit,entertainment-leisure,https://lftz25oez4aqbxpq.public.blob.vercel-storage.com/image-FwNxlE7ZZ7jdX50x2weLJg94k4UHXB.png
balloon-animal,entertainment-leisure,https://lftz25oez4aqbxpq.public.blob.vercel-storage.com/image-1q90UmLxITbeztol7DtCO8ASYZxSqY.png
balloon-arch,entertainment-leisure,https://lftz25oez4aqbxpq.public.blob.vercel-storage.com/image-kRx93Yb5iLmMNC1z3MkmUX9fET3ouZ.png
balloon-dog,entertainment-leisure,https://lftz25oez4aqbxpq.public.blob.vercel-storage.com/image-o9emshz8WvvSjyvYMJ9clJFcjaDw0L.png
banana-costume,entertainment-leisure,https://lftz25oez4aqbxpq.public.blob.vercel-storage.com/image-Wo1FUW13LAbIMHk2bjcC29o4X9pnzB.png
banana-phone,entertainment-leisure,https://lftz25oez4aqbxpq.public.blob.vercel-storage.com/image-yct2jwR6HvQllQ4JHV5wlRDfP3Z6v5.png
bang-gun,entertainment-leisure,https://lftz25oez4aqbxpq.public.blob.vercel-storage.com/image-cu0Y4sURMTs7M0oXifkmIKu63Sdl4Z.png
bass-guitar,entertainment-leisure,https://lftz25oez4aqbxpq.public.blob.vercel-storage.com/image-SGbRQazA6s3gzEEyo0Gv0wLmNQPnwi.png
bassoon,entertainment-leisure,https://lftz25oez4aqbxpq.public.blob.vercel-storage.com/image-yVYS3nCatSYQSXTntIw8TYlGKVsMUY.png
bean-bag-chair,entertainment-leisure,https://lftz25oez4aqbxpq.public.blob.vercel-storage.com/image-7mvfpEDSTh7ptqsraLKhkTgA4cirpQ.png
big-mouth-billy-bass,entertainment-leisure,https://lftz25oez4aqbxpq.public.blob.vercel-storage.com/image-GEm6ureoTFCrgG46EyTiOUfd8Tz5hN.png
billet-head,entertainment-leisure,https://lftz25oez4aqbxpq.public.blob.vercel-storage.com/image-z6CUH6esh63TEGnj9e1WFSunCugCLt.png
billiard-cue,entertainment-leisure,https://lftz25oez4aqbxpq.public.blob.vercel-storage.com/image-2plPNMlO5mNrcONx9AxKxxPdH4F1io.png
billiard-table,entertainment-leisure,https://lftz25oez4aqbxpq.public.blob.vercel-storage.com/image-TUmQIGIICTOHhASPQ9HoqU1giP6JGd.png
billiards-table,entertainment-leisure,https://lftz25oez4aqbxpq.public.blob.vercel-storage.com/image-fglzI20U9F0aCMlSh2srRfWJ2SeDPm.png
bingo-ball,entertainment-leisure,https://lftz25oez4aqbxpq.public.blob.vercel-storage.com/image-88j3x00IiRh5cZjfssV7HWHBFjktAK.png
bingo-cage,entertainment-leisure,https://lftz25oez4aqbxpq.public.blob.vercel-storage.com/image-gybFfgTC6wObP37WVUzi2k4rP8vh3g.png
bingo-caller,entertainment-leisure,https://lftz25oez4aqbxpq.public.blob.vercel-storage.com/image-mocWcARyHGzvL30UIQzEDyjUiF0Id3.png
bishop-chess-piece,entertainment-leisure,https://lftz25oez4aqbxpq.public.blob.vercel-storage.com/image-SMgZVWEbQRhMNvzezuVitk8yKYM8U0.png
bishop-chess-piece-h0c2iw,entertainment-leisure,https://lftz25oez4aqbxpq.public.blob.vercel-storage.com/image-w4IkZFE3bttic3lFlHqkwgRbJ8I9QK.png
black-pawn-chess-piece,entertainment-leisure,https://lftz25oez4aqbxpq.public.blob.vercel-storage.com/image-7RLvBVuwCifiNJXuHfFM5Mr5osLeIY.png
blackjack,entertainment-leisure,https://lftz25oez4aqbxpq.public.blob.vercel-storage.com/image-OiL9mL3TCIEesmaP52DCMHLAocoTFU.png
blue-ribbon,entertainment-leisure,https://lftz25oez4aqbxpq.public.blob.vercel-storage.com/image-BVRbbADSVEBISzh8kjQOWr3OKiC7HH.png
board-game-set,entertainment-leisure,https://lftz25oez4aqbxpq.public.blob.vercel-storage.com/image-Ch3ZtB1zVEdHSlJgwBgKHe1VVBRIdu.png
bobblehead,entertainment-leisure,https://lftz25oez4aqbxpq.public.blob.vercel-storage.com/image-poLRKXKvkQ1lKZYmsd57OSNmnOmieW.png
boom-box,entertainment-leisure,https://lftz25oez4aqbxpq.public.blob.vercel-storage.com/image-KvxnBlxE8ULN0tG9SWKYjgP9lUPJ6V.png
boomerang-e6c1xl,entertainment-leisure,https://lftz25oez4aqbxpq.public.blob.vercel-storage.com/image-J5hwL1EizETKisN38xu1SAGsJR7tKc.png
bouncing-eyeball,entertainment-leisure,https://lftz25oez4aqbxpq.public.blob.vercel-storage.com/image-3NVbQAMbzyqXVNSr0NpbDav1gM9ROq.png
bouncy-castle,entertainment-leisure,https://lftz25oez4aqbxpq.public.blob.vercel-storage.com/image-Uf9LNKsrEyUZoUA6vn31PkaLFpTgJD.png
bowling-ball,entertainment-leisure,https://lftz25oez4aqbxpq.public.blob.vercel-storage.com/image-n1gWSEzxlVx41x9WqOj5aHkvnfTf5c.png
bubble-blower,entertainment-leisure,https://lftz25oez4aqbxpq.public.blob.vercel-storage.com/image-hKkQhZXQz2S6GKk97rmwfneCnqTdEg.png
bubble-chair,entertainment-leisure,https://lftz25oez4aqbxpq.public.blob.vercel-storage.com/image-DkjHNt4nS8jMy4XnUnJOgMMQNLvefu.png
bubble-gun,entertainment-leisure,https://lftz25oez4aqbxpq.public.blob.vercel-storage.com/image-WOgHjamwqM7kx036DYDwMjzostGX0o.png
bubble-machine,entertainment-leisure,https://lftz25oez4aqbxpq.public.blob.vercel-storage.com/image-dawk2hFqtMTrzAueprZsJSH9COGs5a.png
bubble-sword,entertainment-leisure,https://lftz25oez4aqbxpq.public.blob.vercel-storage.com/image-pFmVjcVrIZwA6xI9ENytffGwf0wM5M.png
bubble-wand,entertainment-leisure,https://lftz25oez4aqbxpq.public.blob.vercel-storage.com/image-SCn5L06Uyp7dAQwvfQR0KqfKNFJj7a.png
bugle,entertainment-leisure,https://lftz25oez4aqbxpq.public.blob.vercel-storage.com/image-YjLO26euQoAs0V2HtdE09ybzPRbAIz.png
bumper-car,entertainment-leisure,https://lftz25oez4aqbxpq.public.blob.vercel-storage.com/image-UJlpPmcKIJm83Qkyif9HQWKnops5it.png
cajn-flamenco,entertainment-leisure,https://lftz25oez4aqbxpq.public.blob.vercel-storage.com/image-nvuev0lHfipWCzVBNVwJ0e4Msr838e.png
card-deck,entertainment-leisure,https://lftz25oez4aqbxpq.public.blob.vercel-storage.com/image-rXR3GqXmAKNzaLyBdrptuOs2IRmjGu.png
card-trick,entertainment-leisure,https://lftz25oez4aqbxpq.public.blob.vercel-storage.com/image-BAc3TLVvBzZrEGufLCyFHosldYJqbX.png
cardboard-crown,entertainment-leisure,https://lftz25oez4aqbxpq.public.blob.vercel-storage.com/image-pESri5bAedNlr9JbkdfleZgMy0lgtk.png
cardboard-standee,entertainment-leisure,https://lftz25oez4aqbxpq.public.blob.vercel-storage.com/image-lQZukN3Y3co9e4MJBIlbG9mRSyf9O7.png
carnival-banner,entertainment-leisure,https://lftz25oez4aqbxpq.public.blob.vercel-storage.com/image-zPb2JGMaRP6Ceq7DhGiOw3kVEzSsqM.png
carnival-duck-pond,entertainment-leisure,https://lftz25oez4aqbxpq.public.blob.vercel-storage.com/image-FFdyCGMUHMXC3paFHl6OwH4Q0QViSk.png
carnival-goldfish-bag,entertainment-leisure,https://lftz25oez4aqbxpq.public.blob.vercel-storage.com/image-5brAeXEqHx0NTqoGBRWYC08LEtXME1.png
carnival-hammer,entertainment-leisure,https://lftz25oez4aqbxpq.public.blob.vercel-storage.com/image-aOVcbHTn6cuEIIsscmAi55wm9gTHew.png
carnival-mask,entertainment-leisure,https://lftz25oez4aqbxpq.public.blob.vercel-storage.com/image-oQYCmrk6U3lCZtk3JzALl67dPT2Q9U.png
carnival-shooting-gallery,entertainment-leisure,https://lftz25oez4aqbxpq.public.blob.vercel-storage.com/image-YFYMnqKJmG1dJEIqTeMUvNvaUKN5yA.png
carousel,entertainment-leisure,https://lftz25oez4aqbxpq.public.blob.vercel-storage.com/image-HDX3H27dMcIL8KAWfK2cDAIVgznMN1.png
carrom-board,entertainment-leisure,https://lftz25oez4aqbxpq.public.blob.vercel-storage.com/image-AAys8jnucrGFkD4GAS0vw4SNQJ9Snf.png
cartoon-foam-hammer,entertainment-leisure,https://lftz25oez4aqbxpq.public.blob.vercel-storage.com/image-UrglNI9dXCXFXimf94uykNdr7YdFt3.png
cartoon-speech-bubble-sign,entertainment-leisure,https://lftz25oez4aqbxpq.public.blob.vercel-storage.com/image-P8pvUQkXM7Sfcidp1riajnBrDO1ge1.png
castanet,entertainment-leisure,https://lftz25oez4aqbxpq.public.blob.vercel-storage.com/image-CSTuiO7Dv9DbCQy95IZ23lXNppfUxB.png
celebrity,entertainment-leisure,https://lftz25oez4aqbxpq.public.blob.vercel-storage.com/image-Ug4fv1zQJ6QT0dvjbeZ9cuoja0WnsL.png
cello,entertainment-leisure,https://lftz25oez4aqbxpq.public.blob.vercel-storage.com/image-ZdwYtiqiu6fB0jxCbObtITJO1wCLuF.png
chalkboard-for-pictionary,entertainment-leisure,https://lftz25oez4aqbxpq.public.blob.vercel-storage.com/image-DCyFUXSg7mYv8xgaS8KwfceROYO5iR.png
chess-pawn-white,entertainment-leisure,https://lftz25oez4aqbxpq.public.blob.vercel-storage.com/image-8JaKeKe0Xu6MO6jScdXmQZmkxJ0PYX.png
chess-queen-black,entertainment-leisure,https://lftz25oez4aqbxpq.public.blob.vercel-storage.com/image-SxvnIpN2RVwLK77XxK3MnVCU6Xgc29.png
chessboard,entertainment-leisure,https://lftz25oez4aqbxpq.public.blob.vercel-storage.com/image-XwHLXffQ5iwH6b5xkkMlSi2BlSKDMo.png
church-organ,entertainment-leisure,https://lftz25oez4aqbxpq.public.blob.vercel-storage.com/image-j0XJAt4RkBHrt4Ds06OC7FtYsGwpAH.png
cinema-screen,entertainment-leisure,https://lftz25oez4aqbxpq.public.blob.vercel-storage.com/image-UEDI6KBeOAx4nhgCYOnvrgwDuqVLHC.png
circus-cannon,entertainment-leisure,https://lftz25oez4aqbxpq.public.blob.vercel-storage.com/image-W62XQxpzQKGIymJVr4yKBZnwOZfUrl.png
circus-tightrope,entertainment-leisure,https://lftz25oez4aqbxpq.public.blob.vercel-storage.com/image-nmmnHN75OOsVtfkTQYZ5ZrVK2ubact.png
clarinet,entertainment-leisure,https://lftz25oez4aqbxpq.public.blob.vercel-storage.com/image-o2D3ZDUwaZWtSBJ0QJWwfG0no6cl1W.png
classical-guitar,entertainment-leisure,https://lftz25oez4aqbxpq.public.blob.vercel-storage.com/image-9O8EOiqQ2PRNBr2OTkp2COUsUDY45J.png
claves,entertainment-leisure,https://lftz25oez4aqbxpq.public.blob.vercel-storage.com/image-wOphhaLm3ow9ILnds6M6UdihRef7Fw.png
claw-machine,entertainment-leisure,https://lftz25oez4aqbxpq.public.blob.vercel-storage.com/image-DrKAXR9RfR9t8EZqGLs6mFpjGEcg23.png
clown,entertainment-leisure,https://lftz25oez4aqbxpq.public.blob.vercel-storage.com/image-AtkgxQrRnJwHPFFI9b7Hn2ZkrpxVur.png
adidas-stan-smith,fashion-style,https://lftz25oez4aqbxpq.public.blob.vercel-storage.com/image-wzmb2LUWgt0zxCRp3ZqEvNf1qduRuR.png
adventure-boots,fashion-style,https://lftz25oez4aqbxpq.public.blob.vercel-storage.com/image-Zvrk0gzB8E1X7pdEqEHGacAciR6uaA.png
african-dress,fashion-style,https://lftz25oez4aqbxpq.public.blob.vercel-storage.com/image-B2PJCr3ll0V4GeLNKTDZoYBACjFvlZ.png
animal-print-headband,fashion-style,https://lftz25oez4aqbxpq.public.blob.vercel-storage.com/image-YQ82IofSM0cQjcifcvjEtx3KVwfR9U.png
ankle-boots,fashion-style,https://lftz25oez4aqbxpq.public.blob.vercel-storage.com/image-IggFBTZj6FLZJOSOZIjFlIU8ntmuyv.png
anklet,fashion-style,https://lftz25oez4aqbxpq.public.blob.vercel-storage.com/image-VVfLcc5K1p4KPJhWHUXsuCE7mNY670.png
anorak,fashion-style,https://lftz25oez4aqbxpq.public.blob.vercel-storage.com/image-r5VX3HjNwBa0vr8ZNWu74T3BGmoRjW.png
ascot,fashion-style,https://lftz25oez4aqbxpq.public.blob.vercel-storage.com/image-LihWJnygKLTnyXCIsOIVSbN59CQ0UC.png
aviator-sunglasses,fashion-style,https://lftz25oez4aqbxpq.public.blob.vercel-storage.com/image-yu78MDHwZIdzHBZXV5YGdWe6si9UJO.png
ball-gown,fashion-style,https://lftz25oez4aqbxpq.public.blob.vercel-storage.com/image-YQn5FpNL17Scjgl6MSCTuXJU5IZX3V.png
ballet-bun,fashion-style,https://lftz25oez4aqbxpq.public.blob.vercel-storage.com/image-1xEloIs6XbEXv4H9nk2eQzqkM2YhbA.png
ballet-flats,fashion-style,https://lftz25oez4aqbxpq.public.blob.vercel-storage.com/image-2b6oQmI4jp05liyQbylh2v3DxNbule.png
bamboo-sunglasses,fashion-style,https://lftz25oez4aqbxpq.public.blob.vercel-storage.com/image-mUTLmgP7bKMrb6O7L7iW9IGESAhnur.png
banana-earrings,fashion-style,https://lftz25oez4aqbxpq.public.blob.vercel-storage.com/image-N9ifWlLGbGy2OLA95Z70kfiL8bZZYr.png
barber-and-beauty-icon,fashion-style,https://lftz25oez4aqbxpq.public.blob.vercel-storage.com/image-RCs6a5lnmDpabnkGxGlPRFAZV2yCV3.png
barcode-tattoo,fashion-style,https://lftz25oez4aqbxpq.public.blob.vercel-storage.com/image-SbvrFirQp1doiSUAFcF03xgaHBzS6k.png
barrette,fashion-style,https://lftz25oez4aqbxpq.public.blob.vercel-storage.com/image-xGve1KQAF5GYla4HSUCXGtmJHg2Dim.png
baseball-cap,fashion-style,https://lftz25oez4aqbxpq.public.blob.vercel-storage.com/image-LcCxKXNuz91RclqwLU8IgoeigxWMRu.png
bathing-suit,fashion-style,https://lftz25oez4aqbxpq.public.blob.vercel-storage.com/image-C6d9HfLLNfniScaSDDzYHYzQf06hr5.png
beaded-clutch,fashion-style,https://lftz25oez4aqbxpq.public.blob.vercel-storage.com/image-SssavTgpvON3oMwRMAlyQWUbD9H3xB.png
beanie,fashion-style,https://lftz25oez4aqbxpq.public.blob.vercel-storage.com/image-SK0Aaj1m2uTI5PZjoFR0OG5vvC2LnS.png
bell-bottoms,fashion-style,https://lftz25oez4aqbxpq.public.blob.vercel-storage.com/image-irDJgnGyLWGYWEHEkEN4Ne9ClyaCnR.png
bell-sleeve-top,fashion-style,https://lftz25oez4aqbxpq.public.blob.vercel-storage.com/image-8yoLkha6RrHIO2RIKBOS0oy8kEnxcj.png
belt,fashion-style,https://lftz25oez4aqbxpq.public.blob.vercel-storage.com/image-J9sd8MEDwlXFpu3F8AlkniC2BLmtCu.png
beret,fashion-style,https://lftz25oez4aqbxpq.public.blob.vercel-storage.com/image-OvLfJkKY0Vrm7QLseh7IT6Bm6dJWaW.png
bikini,fashion-style,https://lftz25oez4aqbxpq.public.blob.vercel-storage.com/image-fQUj5KYmAXrOyLMN48aHnBHYzzlsvP.png
birkin-bag,fashion-style,https://lftz25oez4aqbxpq.public.blob.vercel-storage.com/image-TGTBaaq0BZw0FQ7lWkmyNs0raKYrW0.png
black-pantyhose,fashion-style,https://lftz25oez4aqbxpq.public.blob.vercel-storage.com/image-nuZG4t6c4L4BrvWjhO2n2kVqMNk4yM.png
blouse,fashion-style,https://lftz25oez4aqbxpq.public.blob.vercel-storage.com/image-R0WhSAAz3gy2fa55CqAiEIIxhpC52J.png
blue-cap,fashion-style,https://lftz25oez4aqbxpq.public.blob.vercel-storage.com/image-sUesU0NfGiDapHxCM7I1agYfW0W9xD.png
bodycon-mini-dress,fashion-style,https://lftz25oez4aqbxpq.public.blob.vercel-storage.com/image-IFAUCtCOj3POQwKUdSUl9TX29nMtEj.png
boho-maxi-dress,fashion-style,https://lftz25oez4aqbxpq.public.blob.vercel-storage.com/image-vj66vaIm4eiP6G8ScBDDhegwh9ck0Z.png
bolo-tie,fashion-style,https://lftz25oez4aqbxpq.public.blob.vercel-storage.com/image-FnAeEGOGv4aMNTDQWrnecRbkZ4AJgW.png
bomber-jacket,fashion-style,https://lftz25oez4aqbxpq.public.blob.vercel-storage.com/image-nrcvXJr22VXWX9PBtXNZ5UrplwAfhj.png
bone-hair-fork,fashion-style,https://lftz25oez4aqbxpq.public.blob.vercel-storage.com/image-9rXVVEaom73KbTJztrenGHm9VHy43g.png
boubou,fashion-style,https://lftz25oez4aqbxpq.public.blob.vercel-storage.com/image-R0vHopPD7ZGe7EhBPWWU6O4Rqhrcxq.png
bow,fashion-style,https://lftz25oez4aqbxpq.public.blob.vercel-storage.com/image-PgM45BFY7nNOIwLnT7hI7hdsZ1buqD.png
bow-barrette,fashion-style,https://lftz25oez4aqbxpq.public.blob.vercel-storage.com/image-BWLME7VE0QPqYUOKR55Y1QzvY5ZXr2.png
bowtie,fashion-style,https://lftz25oez4aqbxpq.public.blob.vercel-storage.com/image-rHelFJVU2QikDtLdvSGQF4095k3eKO.png
bra,fashion-style,https://lftz25oez4aqbxpq.public.blob.vercel-storage.com/image-lj1Ph4UkPsqBhFZHr36WlqE0DUrkX3.png
bracelet,fashion-style,https://lftz25oez4aqbxpq.public.blob.vercel-storage.com/image-IAjdhCClrG1tbXT4TCmEcJpb5YcLj8.png
brogue-boots,fashion-style,https://lftz25oez4aqbxpq.public.blob.vercel-storage.com/image-VWm4dgYTKcH4oEXMaG3SGJ2ThVd94L.png
brooch-pin,fashion-style,https://lftz25oez4aqbxpq.public.blob.vercel-storage.com/image-0jM5Rfdubh8PFTB9HDn1aSfeEcvRfl.png
bubble-skirt,fashion-style,https://lftz25oez4aqbxpq.public.blob.vercel-storage.com/image-7h5bn0FQg22HCB9SH6TK4m0sUuDuPt.png
bubblegum-pink-wig,fashion-style,https://lftz25oez4aqbxpq.public.blob.vercel-storage.com/image-yv3w15CDPiBZD0yBYleo7Nt8H5h2O2.png
bucket-hat,fashion-style,https://lftz25oez4aqbxpq.public.blob.vercel-storage.com/image-xOofjqlFRH8A5h5dmCd1XPd7wNbLi7.png
bustier,fashion-style,https://lftz25oez4aqbxpq.public.blob.vercel-storage.com/image-UfeqafyryPHNb13osXVfCyGPMr0wLE.png
butterfly-hairpins,fashion-style,https://lftz25oez4aqbxpq.public.blob.vercel-storage.com/image-9VSOq58UBpJKl2Czp5H4xdTd7adYiB.png
button,fashion-style,https://lftz25oez4aqbxpq.public.blob.vercel-storage.com/image-QSA10wYJEWnDeGpdq7ZEqeMNEvoFJS.png
button-down-shirt,fashion-style,https://lftz25oez4aqbxpq.public.blob.vercel-storage.com/image-jNFNutQXA079LwSjmfwJeFsid37vkh.png
cable-knit-sweater,fashion-style,https://lftz25oez4aqbxpq.public.blob.vercel-storage.com/image-IXaADMwMzHbT8jeZHfuIjA1FmGlKNq.png
cactus-print-socks,fashion-style,https://lftz25oez4aqbxpq.public.blob.vercel-storage.com/image-5nM8u1foXqXsb2bZcquSCHWwEGFoSS.png
caftan,fashion-style,https://lftz25oez4aqbxpq.public.blob.vercel-storage.com/image-7VXzdEaSx7U08d0lmn4wztEwIoMqaV.png
camp-collar-shirt,fashion-style,https://lftz25oez4aqbxpq.public.blob.vercel-storage.com/image-FPUjemJ5GPoREmqgzo0PXd6ppPMN6W.png
candy-cane-leggings,fashion-style,https://lftz25oez4aqbxpq.public.blob.vercel-storage.com/image-UtfczNqTmHJgd8c610YTtjiHDmyBsU.png
candy-necklace,fashion-style,https://lftz25oez4aqbxpq.public.blob.vercel-storage.com/image-gtAGoIvV02HJLpTU7prkCIaN33ragR.png
capelet,fashion-style,https://lftz25oez4aqbxpq.public.blob.vercel-storage.com/image-eDoeW8GEJl2FcCGjN5UAbX1EPXKT1A.png
cardboard-shoe-slides,fashion-style,https://lftz25oez4aqbxpq.public.blob.vercel-storage.com/image-EbtpkrZgFOBH9JigUPMz1Uhso8xUnm.png
cardigan,fashion-style,https://lftz25oez4aqbxpq.public.blob.vercel-storage.com/image-cHSIjhsD6PtejH1h02XWWHZFrK6UkN.png
cargo-pants,fashion-style,https://lftz25oez4aqbxpq.public.blob.vercel-storage.com/image-fo8wyXqFVEaRo4JUQTTR1vEzfBT0OK.png
cargo-shorts,fashion-style,https://lftz25oez4aqbxpq.public.blob.vercel-storage.com/image-dZBmZXSGHmwjDx4i1pRVYbrCurvQZI.png
cat-backpack,fashion-style,https://lftz25oez4aqbxpq.public.blob.vercel-storage.com/image-9rI0R8UewskCDzjDJxtkCd9HBwQjol.png
cat-ear-headphones,fashion-style,https://lftz25oez4aqbxpq.public.blob.vercel-storage.com/image-QtC1Dpge8J9upGaaKGapBudAsqT8h1.png
cat-eye-sunglasses,fashion-style,https://lftz25oez4aqbxpq.public.blob.vercel-storage.com/image-zasqdADWvdeCEz9RR4Eaj5FrtNBSc7.png
chain-wallet,fashion-style,https://lftz25oez4aqbxpq.public.blob.vercel-storage.com/image-FZLbvKV8enXwLINpxTOfzV1tHaa2Xt.png
chainmail-glove,fashion-style,https://lftz25oez4aqbxpq.public.blob.vercel-storage.com/image-G4OTxXrGAmdV9KEsDPWA0VPaKVn3fr.png
chainmail-skirt,fashion-style,https://lftz25oez4aqbxpq.public.blob.vercel-storage.com/image-tclhVpZtYPkICMHVDpyiYOEYxfGt0I.png
chaps,fashion-style,https://lftz25oez4aqbxpq.public.blob.vercel-storage.com/image-hTEyJb1oOBXWFn0zBzYQYkXcnlwIvi.png
charm-bracelet,fashion-style,https://lftz25oez4aqbxpq.public.blob.vercel-storage.com/image-A1NDqn6z8DAp1XoQ0t5aTxR9lNZbpF.png
charro-hat,fashion-style,https://lftz25oez4aqbxpq.public.blob.vercel-storage.com/image-CtZiLCJZrCw0JsXbversUTftR6Ivfk.png
checkerboard-crop-top,fashion-style,https://lftz25oez4aqbxpq.public.blob.vercel-storage.com/image-xvl8ZTWVFuXlcVbW6wgBxqsUcWAcQx.png
checkerboard-tie,fashion-style,https://lftz25oez4aqbxpq.public.blob.vercel-storage.com/image-oWJCU8vUvTMn4P1cBTeaBt2KFxyP0W.png
chelsea-boots,fashion-style,https://lftz25oez4aqbxpq.public.blob.vercel-storage.com/image-Y3Fu8Oqh6ou3gVcC1e9PWu3lEMbo9T.png
cherry-blossom-kimono-jacket,fashion-style,https://lftz25oez4aqbxpq.public.blob.vercel-storage.com/image-2oC3gbr0SguYeppj5VhVv05cDr2M9V.png
chiffon-scarf,fashion-style,https://lftz25oez4aqbxpq.public.blob.vercel-storage.com/image-894m48nOhMzhtPrbmlhtVuDGPf3zj4.png
choker-necklace,fashion-style,https://lftz25oez4aqbxpq.public.blob.vercel-storage.com/image-d9rBJx9aNH8Iy5qbHOw7p0ezaJRYPu.png
chunky-resin-bracelet,fashion-style,https://lftz25oez4aqbxpq.public.blob.vercel-storage.com/image-CF0rHzJATAaFayGjxwaRhZtuB0ArGW.png
chunky-sneakers,fashion-style,https://lftz25oez4aqbxpq.public.blob.vercel-storage.com/image-kDQMGK825nue93CX9JpWUWLCVJsD98.png
clear-pvc-backpack,fashion-style,https://lftz25oez4aqbxpq.public.blob.vercel-storage.com/image-jNbReRdCpjzASHqX6wl70Mmw8SPtov.png
clear-visor-helmet,fashion-style,https://lftz25oez4aqbxpq.public.blob.vercel-storage.com/image-SENocJKN2yxExXzc0DSUk2TRGSu6MS.png
ab-bench,health-wellness,https://lftz25oez4aqbxpq.public.blob.vercel-storage.com/image-Z5C9BIkhJVGGq38Emq72VKIQMY7PfR.png
ab-crunch-machine,health-wellness,https://lftz25oez4aqbxpq.public.blob.vercel-storage.com/image-PwZlcENmTt717g5ZTD0uxQv1eWcCNr.png
ab-wheel,health-wellness,https://lftz25oez4aqbxpq.public.blob.vercel-storage.com/image-TljVnZ4HgHbcADT6Zs97RFxkWlbt3W.png
acupressure-mat,health-wellness,https://lftz25oez4aqbxpq.public.blob.vercel-storage.com/image-0khbCCQPBW6jIl5b2oSEsxvYFknqEX.png
acupuncture-needle,health-wellness,https://lftz25oez4aqbxpq.public.blob.vercel-storage.com/image-jlshG2VVXQVVQsVQ9DTDiWuLO9CH8k.png
adjustable-dumbbell,health-wellness,https://lftz25oez4aqbxpq.public.blob.vercel-storage.com/image-CaQsor01RlcVPTKuiK3e5gS1dTAR4o.png
adjustable-dumbbells,health-wellness,https://lftz25oez4aqbxpq.public.blob.vercel-storage.com/image-ujd4tOKcToCXi2otWS2ooZ7W9XOUc6.png
aerobics,health-wellness,https://lftz25oez4aqbxpq.public.blob.vercel-storage.com/image-fwLdK1APEgbqGjNxAFv8yrBMtDvLpu.png
air-purifier,health-wellness,https://lftz25oez4aqbxpq.public.blob.vercel-storage.com/image-Ch0DKvgsKPUngoSksdWbgCm8f2pnOf.png
allergy-medication,health-wellness,https://lftz25oez4aqbxpq.public.blob.vercel-storage.com/image-0QlbZHclWAdizaFGxn2Nv3ECg3zLG7.png
allergy-medicine,health-wellness,https://lftz25oez4aqbxpq.public.blob.vercel-storage.com/image-R4XwleYZf1inA6qaFlgGxLdNn5VdXx.png
allergy-rash,health-wellness,https://lftz25oez4aqbxpq.public.blob.vercel-storage.com/image-gA2nVKTZC7SsURD3Dlt9AJMF18Zee9.png
allergy-test-kit,health-wellness,https://lftz25oez4aqbxpq.public.blob.vercel-storage.com/image-52ZnLjOA0LoHHZ1NhOEQ3rTvZDveNU.png
aloe-vera-plant,health-wellness,https://lftz25oez4aqbxpq.public.blob.vercel-storage.com/image-ARzVMKPDMBZbKE9bpvPwdzOYc4sMG2.png
ankle-weights,health-wellness,https://lftz25oez4aqbxpq.public.blob.vercel-storage.com/image-cvWZAlZGE7HoFckKUHAVjghGYhvHKJ.png
antacid-tablet,health-wellness,https://lftz25oez4aqbxpq.public.blob.vercel-storage.com/image-z1ggj8Abs6NsYbHDMVviQpUdzgFudR.png
antibacterial-wipes,health-wellness,https://lftz25oez4aqbxpq.public.blob.vercel-storage.com/image-NB6ynt4KVjucDWUAJn9mWzIgOp8MSt.png
antibody,health-wellness,https://lftz25oez4aqbxpq.public.blob.vercel-storage.com/image-wnIA2y1kfIvqPHT7ZvnBuSkAZyWr9T.png
anxiety-pebble,health-wellness,https://lftz25oez4aqbxpq.public.blob.vercel-storage.com/image-6pAkG1UZEMmXrcQ67cxXv3WxzaX9Ld.png
arm-strength,health-wellness,https://lftz25oez4aqbxpq.public.blob.vercel-storage.com/image-ikrzFrRPd9Y5nJicErwQvhp8N54eCc.png
arnica-gel-tube,health-wellness,https://lftz25oez4aqbxpq.public.blob.vercel-storage.com/image-Kmj6SkAbpn6cjoTY0TVvuxApCS9DNk.png
aromatherapy-diffuser,health-wellness,https://lftz25oez4aqbxpq.public.blob.vercel-storage.com/image-1QlunpCvJl5pWGFWnOKLO336TJASVr.png
artery,health-wellness,https://lftz25oez4aqbxpq.public.blob.vercel-storage.com/image-lG332MSZKzf0seyq2psLg8wTQGJXHS.png
arthritis-glove,health-wellness,https://lftz25oez4aqbxpq.public.blob.vercel-storage.com/image-MFtCZmqBqMHAtrkXbYwbZ6zHLcvNu0.png
assisted-chin-updip-machine,health-wellness,https://lftz25oez4aqbxpq.public.blob.vercel-storage.com/image-KvpqWCcaCZ8pkz75ziJu79KxkXp3LU.png
autism,health-wellness,https://lftz25oez4aqbxpq.public.blob.vercel-storage.com/image-zEQAag5g2nt9Jf3RXwOuJaUBP0kUEh.png
back-extension-bench,health-wellness,https://lftz25oez4aqbxpq.public.blob.vercel-storage.com/image-0TlT5iO9gK2nOKcBV5n6FMv7mYl0o1.png
balance-ball,health-wellness,https://lftz25oez4aqbxpq.public.blob.vercel-storage.com/image-YcipmbOVq03bwtJFfM4nLUHBVEq6gi.png
balance-board,health-wellness,https://lftz25oez4aqbxpq.public.blob.vercel-storage.com/image-Sw4MOoyRx5VD3H0Knj771tZgwBKkkz.png
balance-pad,health-wellness,https://lftz25oez4aqbxpq.public.blob.vercel-storage.com/image-lbgn0exKZASU1hj59Ks9nCiwHmFnWm.png
balance-stone-path,health-wellness,https://lftz25oez4aqbxpq.public.blob.vercel-storage.com/image-Ygedmg4Yg4NdA5NUSTF7c4232UKwMF.png
band-aid,health-wellness,https://lftz25oez4aqbxpq.public.blob.vercel-storage.com/image-7yiU0MjbaL2wmQUiRa7RaDh2aqYnog.png
bandages,health-wellness,https://lftz25oez4aqbxpq.public.blob.vercel-storage.com/image-kDTHky1bXmCl7E7qvCGkP9NcjP5Zlo.png
bee-pollen-granules,health-wellness,https://lftz25oez4aqbxpq.public.blob.vercel-storage.com/image-fLGrxOeN1eqZ6vfwJt7lLQ6Ikq6b7G.png
bicep,health-wellness,https://lftz25oez4aqbxpq.public.blob.vercel-storage.com/image-nWNb6Avbb9G1AYnIXiRqFm5CcbZm46.png
biceps-curl-machine,health-wellness,https://lftz25oez4aqbxpq.public.blob.vercel-storage.com/image-8mCKd7CNOnAakV7iBTNvITjDhXjyxi.png
bike-ergonometer,health-wellness,https://lftz25oez4aqbxpq.public.blob.vercel-storage.com/image-Z2yb0IaCoGG7pPGuEHpwmHkIzQKy70.png
blood,health-wellness,https://lftz25oez4aqbxpq.public.blob.vercel-storage.com/image-mj5WP3dQPFkcSGy3q485wyDTBNYqjD.png
blood-clot,health-wellness,https://lftz25oez4aqbxpq.public.blob.vercel-storage.com/image-ZmN36bsrg0pwkBMKmZrV43Chk9fi3l.png
blood-donation,health-wellness,https://lftz25oez4aqbxpq.public.blob.vercel-storage.com/image-6UKQYbgCFWmNBFyrmQZblDMU9o24Cx.png
blood-pressure-cuff,health-wellness,https://lftz25oez4aqbxpq.public.blob.vercel-storage.com/image-cjvfpRKCJWAkUsOhigipUJm44gUVXn.png
blood-pressure-monitor,health-wellness,https://lftz25oez4aqbxpq.public.blob.vercel-storage.com/image-Fk0E88M6ee0bOQzBw5aMS6YGekwdYu.png
blood-type-card,health-wellness,https://lftz25oez4aqbxpq.public.blob.vercel-storage.com/image-OvGQ6yqfLKTdveDTuEQhKfVcubyagE.png
blue-light-glasses,health-wellness,https://lftz25oez4aqbxpq.public.blob.vercel-storage.com/image-Utalbyd3d3QISsPvTPHvQ6cp79dk0L.png
blueberry-smoothie,health-wellness,https://lftz25oez4aqbxpq.public.blob.vercel-storage.com/image-0ADDPkIcqSevTRD5BpTd5xztoLcGAZ.png
body-composition-scanner,health-wellness,https://lftz25oez4aqbxpq.public.blob.vercel-storage.com/image-K5xyz8YHK4ljexIScdCEAZwCMs2Eof.png
body-fat-caliper,health-wellness,https://lftz25oez4aqbxpq.public.blob.vercel-storage.com/image-5tdkunv3uhqET9ui53yRLk4j8ei28C.png
bone-density-scanner,health-wellness,https://lftz25oez4aqbxpq.public.blob.vercel-storage.com/image-QPEb9gpnk5WHtMYQXkVRqqToWP2gWe.png
booster-shot,health-wellness,https://lftz25oez4aqbxpq.public.blob.vercel-storage.com/image-1tgNIOa9G3e1R7rCl6S6lCxH15BFnr.png
botox,health-wellness,https://lftz25oez4aqbxpq.public.blob.vercel-storage.com/image-81YhPJ8QS9RMPmzopszgT7zNIl1MUJ.png
bottle-of-lotion,health-wellness,https://lftz25oez4aqbxpq.public.blob.vercel-storage.com/image-rb90xn6tuw4IK8N4a1MjPksBX3wtp6.png
brain-with-a-band-aid,health-wellness,https://lftz25oez4aqbxpq.public.blob.vercel-storage.com/image-YwqBchoyYVugDjF00Pj9xpLNLs3oCy.png
breath-mint,health-wellness,https://lftz25oez4aqbxpq.public.blob.vercel-storage.com/image-k989VYUozh3IGbLVoihksHXLvZuV9y.png
breathalyzer,health-wellness,https://lftz25oez4aqbxpq.public.blob.vercel-storage.com/image-xlQpqgZ0YnqXEuE1JT47416aNAaltg.png
cable-tower,health-wellness,https://lftz25oez4aqbxpq.public.blob.vercel-storage.com/image-VmgMiY3UpKbAiBpCbsuISaMMrwRNBb.png
calorie-tracker,health-wellness,https://lftz25oez4aqbxpq.public.blob.vercel-storage.com/image-iOhSEeezyNIr1fDi13qlFSsqNxgN6P.png
cancer-cell,health-wellness,https://lftz25oez4aqbxpq.public.blob.vercel-storage.com/image-kCiDuLQVIp4b6AESTe4G0Q5046SRmA.png
cannabis-pharmacy,health-wellness,https://lftz25oez4aqbxpq.public.blob.vercel-storage.com/image-lGe4RWNWCf8INkMks7iJVQCBEFNIvl.png
captains-chair,health-wellness,https://lftz25oez4aqbxpq.public.blob.vercel-storage.com/image-0au5ovZwLWaCJGeihTsET4BOUCuTWt.png
caregiver,health-wellness,https://lftz25oez4aqbxpq.public.blob.vercel-storage.com/image-sHA1HH9Ka1GOww2PJaoOVhTh1dSePC.png
cbd-oil-dropper,health-wellness,https://lftz25oez4aqbxpq.public.blob.vercel-storage.com/image-XieHJjjwx6BaTVSxNlBTD9ON0Y75hR.png
cheek-retractor,health-wellness,https://lftz25oez4aqbxpq.public.blob.vercel-storage.com/image-AdEpoURVZk6C665RbbgWWSHUz0jDVC.png
chest-x-ray,health-wellness,https://lftz25oez4aqbxpq.public.blob.vercel-storage.com/image-uQoadviCdl7RARibeNc4cTA7flvjcR.png
chewing-stick,health-wellness,https://lftz25oez4aqbxpq.public.blob.vercel-storage.com/image-5hp3KEmbZRuDwHUfReU5OZnJfNtZnt.png
chia-seed-pudding,health-wellness,https://lftz25oez4aqbxpq.public.blob.vercel-storage.com/image-eAzMKoixqb2MJjQfb7MusGPgzv4KKm.png
chiropractor-table,health-wellness,https://lftz25oez4aqbxpq.public.blob.vercel-storage.com/image-Eq9TKrZLuVdZpNUmxiqM4kOBFNZCsx.png
clear-retainer,health-wellness,https://lftz25oez4aqbxpq.public.blob.vercel-storage.com/image-p7Zuqa92ad7kL2IejEBVj1utmxD5LG.png
clinics-served,health-wellness,https://lftz25oez4aqbxpq.public.blob.vercel-storage.com/image-hXrrt6kDbBLByiATYDQlIlyecrqQ0r.png
cold-pack,health-wellness,https://lftz25oez4aqbxpq.public.blob.vercel-storage.com/image-56o1XhtK1cl7THvAl53jybtdxePVqw.png
cold-plunge-tub,health-wellness,https://lftz25oez4aqbxpq.public.blob.vercel-storage.com/image-UTEZrQpsklWxjcnkWzpX857yYWyDdb.png
cold-sore,health-wellness,https://lftz25oez4aqbxpq.public.blob.vercel-storage.com/image-tVMSqjNOpfO32RKpd0poguZkL35EkK.png
cold-therapy-face-mask,health-wellness,https://lftz25oez4aqbxpq.public.blob.vercel-storage.com/image-ZzD8KTkvPz3Nuap861gYbXQtn4fZiz.png
collagen,health-wellness,https://lftz25oez4aqbxpq.public.blob.vercel-storage.com/image-HFDq0lM0Hqj1JF6YsVSiTYZ8REjieW.png
color-therapy-glasses,health-wellness,https://lftz25oez4aqbxpq.public.blob.vercel-storage.com/image-5Pargc2YFyVgl42SvNi9tvjKYgQU7K.png
comfrey-salve,health-wellness,https://lftz25oez4aqbxpq.public.blob.vercel-storage.com/image-wGo8gKzqF9BJ5Slf6Grfp1IHry0weI.png
compression-arm-sleeve,health-wellness,https://lftz25oez4aqbxpq.public.blob.vercel-storage.com/image-AvQ1axX8HkrUi2qgQrXOBkzBEi7s5d.png
condom,health-wellness,https://lftz25oez4aqbxpq.public.blob.vercel-storage.com/image-MM6MGpIIMJfVCACaAbhJISGJKR78tb.png
contact-lenses,health-wellness,https://lftz25oez4aqbxpq.public.blob.vercel-storage.com/image-JFwSn45T5QLU9y4U2xFFUAAFBzyuBg.png
continuous-glucose-monitor,health-wellness,https://lftz25oez4aqbxpq.public.blob.vercel-storage.com/image-ZWAbxIR1VLtLDo5pAOz4ccK7CHo1rj.png
cooler-box,health-wellness,https://lftz25oez4aqbxpq.public.blob.vercel-storage.com/image-Gj2HqNgBlyJQhqCRGV6b3MRLLIQTb5.png
35mm-slide,technology-media,https://lftz25oez4aqbxpq.public.blob.vercel-storage.com/image-GYzNSduoumGZetPpx3izp5HUIqJnUN.png
3d-glasses,technology-media,https://lftz25oez4aqbxpq.public.blob.vercel-storage.com/image-NEPm4cDYkEZT9xRchnCienRoriMlrV.png
3d-modeling,technology-media,https://lftz25oez4aqbxpq.public.blob.vercel-storage.com/image-VWPgfz0LtxpokNSBaTuN9vQGzl8cfg.png
8-bit-sound-chip,technology-media,https://lftz25oez4aqbxpq.public.blob.vercel-storage.com/image-iiLPT2CXVfNTbt80utIkxj2bZX7nCo.png
ac-intake-filter,technology-media,https://lftz25oez4aqbxpq.public.blob.vercel-storage.com/image-8vuWYx4cqKrtks74qH9JSYeZyohYpV.png
action-camera,technology-media,https://lftz25oez4aqbxpq.public.blob.vercel-storage.com/image-AmqZZr6gQE3C9i2NzN6ZywoONrlwQD.png
ai-training-data-center,technology-media,https://lftz25oez4aqbxpq.public.blob.vercel-storage.com/image-MTq0jKMpygOI67ICi6l3jyPRSaa3pE.png
airpods,technology-media,https://lftz25oez4aqbxpq.public.blob.vercel-storage.com/image-4IyXiZ7gIUBraPVHp8QItTpomuEzlS.png
airtag,technology-media,https://lftz25oez4aqbxpq.public.blob.vercel-storage.com/image-VOpJYBybbUvcc7vPViKcj4u68fkyUS.png
ak-47,technology-media,https://lftz25oez4aqbxpq.public.blob.vercel-storage.com/image-0aSyjkgDAEXU7dWFPpppwq1fs4j4oA.png
album-cover-6w2hbp,technology-media,https://lftz25oez4aqbxpq.public.blob.vercel-storage.com/image-lNCJVeudMvXQoy360lzcvKgKcbp8nc.png
all-the-things-meme,technology-media,https://lftz25oez4aqbxpq.public.blob.vercel-storage.com/image-TsK4yvO64dDLCq5l2D7bnQfyPAUsw4.png
analog-broadcast-van,technology-media,https://lftz25oez4aqbxpq.public.blob.vercel-storage.com/image-EixkVPBdrUiQ1Fb2wick4Koy9dKQZX.png
analog-synth-patch-cable,technology-media,https://lftz25oez4aqbxpq.public.blob.vercel-storage.com/image-FBAS9H7A0NZojsZbw4BXpccteWZEct.png
analog-telephone-exchange,technology-media,https://lftz25oez4aqbxpq.public.blob.vercel-storage.com/image-VqgVaNjCjxurnu9v8xxqqFw7nGjowi.png
animation,technology-media,https://lftz25oez4aqbxpq.public.blob.vercel-storage.com/image-QYzl8Tb3ecJFrNOA33RHfQ1rXkiDo6.png
animation-1,technology-media,https://lftz25oez4aqbxpq.public.blob.vercel-storage.com/image-EK4nPFWsopXaq88Va2U3yCtQeH8Olx.png
animation-2,technology-media,https://lftz25oez4aqbxpq.public.blob.vercel-storage.com/image-5IkvjocYxOznQnazUxb2Wb3FPvBzCk.png
anymal-autonomous-robot,technology-media,https://lftz25oez4aqbxpq.public.blob.vercel-storage.com/image-zJFuTatkOlIXBxVbP58TAzlCr5PTv7.png
apple-ii-plus-computer-with-green-screen-crt-display,technology-media,https://lftz25oez4aqbxpq.public.blob.vercel-storage.com/image-iHFK2I60hobeZy9iO4mGxPM4ob1YYs.png
apple-ipad-pro-mounted-in-a-magic-keyboard-case,technology-media,https://lftz25oez4aqbxpq.public.blob.vercel-storage.com/image-dgzgthbY1fTg7e1ziv14H8ePhGJ73U.png
apple-magic-trackpad,technology-media,https://lftz25oez4aqbxpq.public.blob.vercel-storage.com/image-xMbvUbnnlIZnR3SgHUbp9UI9lRJIoT.png
ar-headset,technology-media,https://lftz25oez4aqbxpq.public.blob.vercel-storage.com/image-MP2v4oBN3US89kOe0XrLqLlRR97vyW.png
artificial-intelligence,technology-media,https://lftz25oez4aqbxpq.public.blob.vercel-storage.com/image-1CAliui121GIBGbrW2cTbVQ785OkTj.png
artificial-intelligence-5loffz,technology-media,https://lftz25oez4aqbxpq.public.blob.vercel-storage.com/image-8HR0ctKWczS8YFn67f3UW0M0cvWXBw.png
audio-waveform,technology-media,https://lftz25oez4aqbxpq.public.blob.vercel-storage.com/image-c2XthIrBipsE6J5xOJJKV7lASGd6aH.png
augmented-reality-glasses,technology-media,https://lftz25oez4aqbxpq.public.blob.vercel-storage.com/image-OsGvEV6S7t5gqBWioLv9zO8SgmWkvO.png
barcode-scanner,technology-media,https://lftz25oez4aqbxpq.public.blob.vercel-storage.com/image-F3M4BJ8SuSig9aCnYRXpV1IaSMwCXA.png
bazooka,technology-media,https://lftz25oez4aqbxpq.public.blob.vercel-storage.com/image-zxG743en7xHBdUMkpwtsHHFhim0m0K.png
biometric-scanner,technology-media,https://lftz25oez4aqbxpq.public.blob.vercel-storage.com/image-1xM90oqSp9LaGF6Z63GPS7rnUycLEz.png
bitcoin,technology-media,https://lftz25oez4aqbxpq.public.blob.vercel-storage.com/image-ndJsteve86cmutozJWlbMGY7PfpwZQ.png
blockchain,technology-media,https://lftz25oez4aqbxpq.public.blob.vercel-storage.com/image-2ojjAp7s2KeO3J9shvCPNH9nuhz3zi.png
blog,technology-media,https://lftz25oez4aqbxpq.public.blob.vercel-storage.com/image-wUZiLsrdWkfsNa7TlqPsxtqqdAPrIi.png
blog-post,technology-media,https://lftz25oez4aqbxpq.public.blob.vercel-storage.com/image-pghw1mYJwulaAcODUo87pKdxX9ANPf.png
bluetooth-headset,technology-media,https://lftz25oez4aqbxpq.public.blob.vercel-storage.com/image-AjLlSEp6Noa2fnZAPxZrImxUl5D8fA.png
bluetooth-speaker,technology-media,https://lftz25oez4aqbxpq.public.blob.vercel-storage.com/image-v7JiqGGEoP9JVqPSHKqGZMdxTntRGU.png
bomb,technology-media,https://lftz25oez4aqbxpq.public.blob.vercel-storage.com/image-n4yHl3gwcktj2AGPwsPDsU1OpqsI5g.png
boombox,technology-media,https://lftz25oez4aqbxpq.public.blob.vercel-storage.com/image-uoiJVLPNog5WvUu5PuFbzhDlQrtUeI.png
braille-e-reader,technology-media,https://lftz25oez4aqbxpq.public.blob.vercel-storage.com/image-oVZI3iwKDJbVbjicxQ2sJ9acaLEqEs.png
bubble-speaker,technology-media,https://lftz25oez4aqbxpq.public.blob.vercel-storage.com/image-x97Lw5jJoAeRgmH9vVqIYU6DUFXHqv.png
bug,technology-media,https://lftz25oez4aqbxpq.public.blob.vercel-storage.com/image-1bODthAQUpFbEz5AsixDrFI14kjC7T.png
bullet-time-camera-rig,technology-media,https://lftz25oez4aqbxpq.public.blob.vercel-storage.com/image-Mx5VQ9pdIUUpII3Zlmz2CCgVdJmW8q.png
caged-phone,technology-media,https://lftz25oez4aqbxpq.public.blob.vercel-storage.com/image-L6pAMMkVMJNNzqFMEe460AKLmW9G20.png
calculator,technology-media,https://lftz25oez4aqbxpq.public.blob.vercel-storage.com/image-HCwnlHIkzR4wXtkTVAySMqAWigIejw.png
camera,technology-media,https://lftz25oez4aqbxpq.public.blob.vercel-storage.com/image-s09fUJ3H6nVTAzwemNRaSQgTJi6PUP.png
camera-lens,technology-media,https://lftz25oez4aqbxpq.public.blob.vercel-storage.com/image-SGBm83wiki1iCLhJu3RXwTRZTQ6QCC.png
camera-on-gimbal,technology-media,https://lftz25oez4aqbxpq.public.blob.vercel-storage.com/image-skSB9bH4GT4SedeUxAU2Z3DZ2yZa0h.png
capacitor,technology-media,https://lftz25oez4aqbxpq.public.blob.vercel-storage.com/image-DfB9ljvHU92XzlggKwWzjwDA5n7NLy.png
car-scanner,technology-media,https://lftz25oez4aqbxpq.public.blob.vercel-storage.com/image-wPSfQdCW8OY5V9RtjmVgd6Ekccpm3n.png
cassette-air-conditioner,technology-media,https://lftz25oez4aqbxpq.public.blob.vercel-storage.com/image-6UQrr3FwnewP9DVjS49Ft7aKq43yyn.png
cassette-tape,technology-media,https://lftz25oez4aqbxpq.public.blob.vercel-storage.com/image-PqpnlfLGnPzbGWsNmG7CSlds5z7y2G.png
cassette-walkman,technology-media,https://lftz25oez4aqbxpq.public.blob.vercel-storage.com/image-9syvdntqsiqiIaCDo0Tcp6BZzM0UaR.png
cathode-ray-tube,technology-media,https://lftz25oez4aqbxpq.public.blob.vercel-storage.com/image-addhVMIjxOyFEpoyEt6OBsBHzTu0QR.png
cctv,technology-media,https://lftz25oez4aqbxpq.public.blob.vercel-storage.com/image-74phE0rsFJmY4aKzmdUvRKmJA6g5qh.png
chat,technology-media,https://lftz25oez4aqbxpq.public.blob.vercel-storage.com/image-h0hzCqnJZkRGDg1z3YSvUnJV77Ck6f.png
childrens-book,technology-media,https://lftz25oez4aqbxpq.public.blob.vercel-storage.com/image-EeMvrVqQK8bXaUrsIUK5yR2uSrA7ai.png
cinema-clapperboard,technology-media,https://lftz25oez4aqbxpq.public.blob.vercel-storage.com/image-ABZLq20QmZN3fPtLBSpFWBj17ko8tQ.png
cinematography,technology-media,https://lftz25oez4aqbxpq.public.blob.vercel-storage.com/image-hgXPkqpADbHGd6tJ9kh973tSeJqD2m.png
cloud-storage-server-room,technology-media,https://lftz25oez4aqbxpq.public.blob.vercel-storage.com/image-3fSpW8YQ16DYXpXhYrOqBieTWqb6sK.png
co2-indicator,technology-media,https://lftz25oez4aqbxpq.public.blob.vercel-storage.com/image-g1MEpuBrfl1wsB2ylYAgE3teZmuNCo.png
color-grading,technology-media,https://lftz25oez4aqbxpq.public.blob.vercel-storage.com/image-zsoDJoIhd5kaxLuWtpj0DsMF9p4hVt.png
command-line-terminal,technology-media,https://lftz25oez4aqbxpq.public.blob.vercel-storage.com/image-nbFzyTbWb2lyzHuEKm0KgJgFifnIxw.png
compact-disc,technology-media,https://lftz25oez4aqbxpq.public.blob.vercel-storage.com/image-lttEKuAgKmB1pPpnLNMwD8otZMcGf8.png
computer-tower,technology-media,https://lftz25oez4aqbxpq.public.blob.vercel-storage.com/image-v8j8Cja5kTAVA7ie71jehVCorDDcT0.png
computer-virus,technology-media,https://lftz25oez4aqbxpq.public.blob.vercel-storage.com/image-N5yxMFq93Pgd0tTu0oPFzkkTy7knZK.png
computer-vision,technology-media,https://lftz25oez4aqbxpq.public.blob.vercel-storage.com/image-yvKm3EHC6PMuTwLzi7vIGzQ8tVhyFW.png
courtroom-stenographer-keyboard,technology-media,https://lftz25oez4aqbxpq.public.blob.vercel-storage.com/image-iEp7wsN2HDbxa777CB0CQDaVGbtlHt.png
cpu,technology-media,https://lftz25oez4aqbxpq.public.blob.vercel-storage.com/image-vQIBG0RmP3Emk07usFN61uxYonGkmq.png
credit-card-reader,technology-media,https://lftz25oez4aqbxpq.public.blob.vercel-storage.com/image-Hhh0XcLYlTEDe7mUw5iDdTmSyEhf2A.png
crypto-mining-rig,technology-media,https://lftz25oez4aqbxpq.public.blob.vercel-storage.com/image-j5EngJ65TpDJlgiHlZFAZ2Rg7PQwgQ.png
curta-calculator,technology-media,https://lftz25oez4aqbxpq.public.blob.vercel-storage.com/image-bVQb4zPFANigRWExSbe6EXGUMB2mhe.png
customizable-keycap-set,technology-media,https://lftz25oez4aqbxpq.public.blob.vercel-storage.com/image-dAkS9gh8uF1X5aFuuhf1nodj35glHo.png
cybernetic-eye-implant,technology-media,https://lftz25oez4aqbxpq.public.blob.vercel-storage.com/image-xuoPGYW9cePcDRJewHUuUzketEkxVD.png
cyberpunk-payphone,technology-media,https://lftz25oez4aqbxpq.public.blob.vercel-storage.com/image-VcRWu8QJckkOKJlhbHHIVhgy6QQ7Qh.png
database,technology-media,https://lftz25oez4aqbxpq.public.blob.vercel-storage.com/image-yAsjogRVy50Ccelfw7o1RgaqQkPX9N.png
debug,technology-media,https://lftz25oez4aqbxpq.public.blob.vercel-storage.com/image-BQtMOnQ84Rsv8DlqSG3fXm9XYkITCm.png
deployment,technology-media,https://lftz25oez4aqbxpq.public.blob.vercel-storage.com/image-Ql4CLJJZKsPhAqYytC4Z57x3JhdZOY.png
designer-mouse,technology-media,https://lftz25oez4aqbxpq.public.blob.vercel-storage.com/image-IqPIuuaeEx67pLwA63UZGQs7YWmd5Z.png
desktop-computer-monitor,technology-media,https://lftz25oez4aqbxpq.public.blob.vercel-storage.com/image-3NnRZYSd3R3CDbeMlwYANaxhf9plnG.png
desktop-computer-mouse,technology-media,https://lftz25oez4aqbxpq.public.blob.vercel-storage.com/image-qJYhVmvKknDPliVSWYzSDxayBHcLu5.png
20-euro-note,everyday-life,https://lftz25oez4aqbxpq.public.blob.vercel-storage.com/image-VkEzbtNvNdjnZJT6C3RE5Q3lCI307F.png
2026-calendar,everyday-life,https://lftz25oez4aqbxpq.public.blob.vercel-storage.com/image-yPVgnIzgk5q19ZtOnxrli2CrcolmcO.png
3-ring-binder,everyday-life,https://lftz25oez4aqbxpq.public.blob.vercel-storage.com/image-9CPB2ChacLm8VjTFKn4IKnOvZpbGeW.png
a-dozen-roses,everyday-life,https://lftz25oez4aqbxpq.public.blob.vercel-storage.com/image-J42PZ8H3tmM2fOGGJl9EXtC5tV3VDZ.png
aa-battery,everyday-life,https://lftz25oez4aqbxpq.public.blob.vercel-storage.com/image-PXrGDnkhg8Cabtcv88o4L0ZEI1DHQh.png
abacus,everyday-life,https://lftz25oez4aqbxpq.public.blob.vercel-storage.com/image-QuWCqLOKnzkXG68i82JonIv7gxBlEl.png
advent-calendar,everyday-life,https://lftz25oez4aqbxpq.public.blob.vercel-storage.com/image-wwZGoPUQkysL1fA9Ok2rPBPBMXSD4h.png
air-conditioner,everyday-life,https://lftz25oez4aqbxpq.public.blob.vercel-storage.com/image-jF7fLrYXiJ3e52OdVMvuJeC9eGVFVO.png
air-fryer,everyday-life,https://lftz25oez4aqbxpq.public.blob.vercel-storage.com/image-fMel4ZlzvWVc3Kr8GuFqJd0aiQsD7I.png
air-purifier-1,everyday-life,https://lftz25oez4aqbxpq.public.blob.vercel-storage.com/image-iawuJBzyJPVPHvvLuiSBY1LWC71pyE.png
alarm-clock,everyday-life,https://lftz25oez4aqbxpq.public.blob.vercel-storage.com/image-ecrt5EpWVPk65L4VgdKcQhSkNgjJfX.png
alarm-snooze-button,everyday-life,https://lftz25oez4aqbxpq.public.blob.vercel-storage.com/image-WeQSGQB1QYljNkWdTpD1CPDbI8Wi0f.png
angry-boy,everyday-life,https://lftz25oez4aqbxpq.public.blob.vercel-storage.com/image-JFQ5x79KuA5nPWDgsWgA0GaGMT8TMc.png
apology-note,everyday-life,https://lftz25oez4aqbxpq.public.blob.vercel-storage.com/image-xia5291zzsFMUJMweeS9B8DsPC3410.png
archive-box,everyday-life,https://lftz25oez4aqbxpq.public.blob.vercel-storage.com/image-5zVOONIN28dJticozuMBCoSEjaw6VA.png
armchair,everyday-life,https://lftz25oez4aqbxpq.public.blob.vercel-storage.com/image-Wx5sBQoGwH6iNPW89b5zv9dNFAVLOu.png
arrest-warrant,everyday-life,https://lftz25oez4aqbxpq.public.blob.vercel-storage.com/image-gmsCPr7VLWlTpHgTriqfbhN5jzW2gh.png
ashes,everyday-life,https://lftz25oez4aqbxpq.public.blob.vercel-storage.com/image-MrRRP1RhJhL3ABLx4B7YZNOLcLSTWR.png
asian-man-with-glasses-presenting-gesture,everyday-life,https://lftz25oez4aqbxpq.public.blob.vercel-storage.com/image-bt0aT9nyTFYLRKgoD1Yplj3B6tJLMo.png
atm,everyday-life,https://lftz25oez4aqbxpq.public.blob.vercel-storage.com/image-zXT8vJ7jS2zjXpm1KoB4lXmTTpyd6L.png
atm-cash-machine,everyday-life,https://lftz25oez4aqbxpq.public.blob.vercel-storage.com/image-vjtC9D3n7zH0J9VQuFQkI6IR3WS9bC.png
automatic-pet-feeder,everyday-life,https://lftz25oez4aqbxpq.public.blob.vercel-storage.com/image-WOBnGJKIUP1zmU7ZmkzLstxHvuahxA.png
automatic-soap-dispenser,everyday-life,https://lftz25oez4aqbxpq.public.blob.vercel-storage.com/image-MrkzhkVtTOY8sTJU9cQCUNQFPozM11.png
baby,everyday-life,https://lftz25oez4aqbxpq.public.blob.vercel-storage.com/image-OwYoHmyqGQ3XlXi2ANnhOTkf1HgwB9.png
baby-1,everyday-life,https://lftz25oez4aqbxpq.public.blob.vercel-storage.com/image-xkg59o8axxWv8UTDtz9eMDiXnfdRJn.png
baby-feeding-bottle,everyday-life,https://lftz25oez4aqbxpq.public.blob.vercel-storage.com/image-OGmaUYElcQxL0MXidTpKtrdWi3UztG.png
baby-mobile,everyday-life,https://lftz25oez4aqbxpq.public.blob.vercel-storage.com/image-HV7OQcLCOHxN7iGiE99YEmszrq9Bmq.png
baby-rattle,everyday-life,https://lftz25oez4aqbxpq.public.blob.vercel-storage.com/image-iIEWG7UTpOUbMhVKwzG0tCZREJ1oWw.png
back-scratcher,everyday-life,https://lftz25oez4aqbxpq.public.blob.vercel-storage.com/image-QLMzFaPNF1MixN1d6bfBq4LdQW4s7f.png
backpack,everyday-life,https://lftz25oez4aqbxpq.public.blob.vercel-storage.com/image-53doFZDyMbmChPPHfnbbPjt0Zvlzq7.png
backpack-1,everyday-life,https://lftz25oez4aqbxpq.public.blob.vercel-storage.com/image-3JqmFhoX4wlSJ2F8hEg2ljSfxraUPO.png
bag-clip,everyday-life,https://lftz25oez4aqbxpq.public.blob.vercel-storage.com/image-vM3XiVbBIDA6XQovZdzBz3oAPC4KvS.png
bag-of-fertilizer,everyday-life,https://lftz25oez4aqbxpq.public.blob.vercel-storage.com/image-1cJRDo4u1lWfBpTgmQ2pxZapZOrIMJ.png
bag-of-groceries,everyday-life,https://lftz25oez4aqbxpq.public.blob.vercel-storage.com/image-DXDecT3Ip0rCJy8HyeBzAE9HvaqWDl.png
bag-of-ice,everyday-life,https://lftz25oez4aqbxpq.public.blob.vercel-storage.com/image-R4qa5KocCZs5ndj8NdVLyswr39bQAj.png
bag-of-rice,everyday-life,https://lftz25oez4aqbxpq.public.blob.vercel-storage.com/image-tgMnqHY5T2yDtw9FH2PKiLaRTpTHIV.png
bag-of-rubber-bands,everyday-life,https://lftz25oez4aqbxpq.public.blob.vercel-storage.com/image-lpNUgn7U3Lyk2sedH7FpwpE0oHZ5RZ.png
bag-tag,everyday-life,https://lftz25oez4aqbxpq.public.blob.vercel-storage.com/image-v26txJztnSiK8JDyWeiEOBn2mdbXrZ.png
baking-soda,everyday-life,https://lftz25oez4aqbxpq.public.blob.vercel-storage.com/image-gsXMoXAVwcEzR4vEgu6apyQeRQBdUJ.png
balloon,everyday-life,https://lftz25oez4aqbxpq.public.blob.vercel-storage.com/image-SLW4v3ZRvj7Si9YqPiWqBSY3K1J03w.png
banana-keeper,everyday-life,https://lftz25oez4aqbxpq.public.blob.vercel-storage.com/image-V69YJJMTi5sXH800QXv9t7lOknWKWZ.png
bandage-box,everyday-life,https://lftz25oez4aqbxpq.public.blob.vercel-storage.com/image-LseLLKkbrHntiJ9t8LLMVgqmdI6T6B.png
barbershop-and-beauty-salon,everyday-life,https://lftz25oez4aqbxpq.public.blob.vercel-storage.com/image-2pzKugXl5zlyU5eocLtyfQVs8jxRnT.png
barrister-bookcase,everyday-life,https://lftz25oez4aqbxpq.public.blob.vercel-storage.com/image-WIncixpk9r6fbmqTk8nxA1sAXZ4aI7.png
bateau-tub,everyday-life,https://lftz25oez4aqbxpq.public.blob.vercel-storage.com/image-aVVOZrD3pTWsfWUThsvPFk4JE4pnil.png
bath-bomb,everyday-life,https://lftz25oez4aqbxpq.public.blob.vercel-storage.com/image-EOXJzjedHMjxdKRZYj89u8hV0MRV3m.png
bath-towel,everyday-life,https://lftz25oez4aqbxpq.public.blob.vercel-storage.com/image-f9JG3OMkk0m5zjq35wO2CxWWMqjpB9.png
bathrobe,everyday-life,https://lftz25oez4aqbxpq.public.blob.vercel-storage.com/image-DcqtEPfmgXxE8NoqrVae2JHW5OLKnK.png
bathroom,everyday-life,https://lftz25oez4aqbxpq.public.blob.vercel-storage.com/image-Az1TXZ9XiWndOHVQbGJoSaI3zrAdhT.png
battery,everyday-life,https://lftz25oez4aqbxpq.public.blob.vercel-storage.com/image-iYxgCTnRJtOqIZ4o8YkbTcrhEznVC5.png
battery-charger,everyday-life,https://lftz25oez4aqbxpq.public.blob.vercel-storage.com/image-8SKFG3ux9pF4i49OzKamDNTuz9AyFA.png
bed,everyday-life,https://lftz25oez4aqbxpq.public.blob.vercel-storage.com/image-fCUCZIbOMwyFIEPHpSaknMVdlzdBWV.png
bed-tray,everyday-life,https://lftz25oez4aqbxpq.public.blob.vercel-storage.com/image-7J3D0YBBgjkLGI8vgi3msHG6XmCcFf.png
bedroom,everyday-life,https://lftz25oez4aqbxpq.public.blob.vercel-storage.com/image-neRTgLGZ3AjDhWiaW6jqNVQNWEB66U.png
bedroom-1,everyday-life,https://lftz25oez4aqbxpq.public.blob.vercel-storage.com/image-gj7qqSWxAu8vg05H0QlBlCQydcO3fG.png
bedsheet,everyday-life,https://lftz25oez4aqbxpq.public.blob.vercel-storage.com/image-9Z4IR40fpxFiyYZOb4WCacvLda5xKi.png
beggar,everyday-life,https://lftz25oez4aqbxpq.public.blob.vercel-storage.com/image-3uQUmhUWfFMVqhTqXP8faIzZVNoGKs.png
bench,everyday-life,https://lftz25oez4aqbxpq.public.blob.vercel-storage.com/image-xgQSbpVjLic9zyJrmgN414Ub3qS7vJ.png
bent-fork,everyday-life,https://lftz25oez4aqbxpq.public.blob.vercel-storage.com/image-NTyjvz6paa9JEag9vb1It2QcU6TYqa.png
bent-spoon,everyday-life,https://lftz25oez4aqbxpq.public.blob.vercel-storage.com/image-EN2nZOujwWF94Mxou1YXdDiUBlZTVz.png
besom,everyday-life,https://lftz25oez4aqbxpq.public.blob.vercel-storage.com/image-oPZqXQTsafDXz6Oo2CHBAMjApW6GBA.png
bet,everyday-life,https://lftz25oez4aqbxpq.public.blob.vercel-storage.com/image-OFH1KcQm5PGXAtQhfEk10YG3D66xyv.png
bible,everyday-life,https://lftz25oez4aqbxpq.public.blob.vercel-storage.com/image-sSgjL6DQgTIh9t9BXB6bz30pftlB8x.png
bidet,everyday-life,https://lftz25oez4aqbxpq.public.blob.vercel-storage.com/image-8RSob8dii6qhdgFgfzwYFTre6E7yEA.png
binder,everyday-life,https://lftz25oez4aqbxpq.public.blob.vercel-storage.com/image-debDqUxi2DAN0oZRYtrPs0JjZ9oeKo.png
blanket,everyday-life,https://lftz25oez4aqbxpq.public.blob.vercel-storage.com/image-UkygkAIc2SA7206SRlvAML6TPGPCuO.png
bleach,everyday-life,https://lftz25oez4aqbxpq.public.blob.vercel-storage.com/image-BD5t1XDb1NV4JjGsIWexRh8TGW0hOy.png
blender,everyday-life,https://lftz25oez4aqbxpq.public.blob.vercel-storage.com/image-1YhSHP2f6HOkakvvZ2StG2IlCpIZ9I.png
blindfolded-person,everyday-life,https://lftz25oez4aqbxpq.public.blob.vercel-storage.com/image-q0duEs7V1QTo3Givmr1hmHegnQ6Vim.png
blond-boy,everyday-life,https://lftz25oez4aqbxpq.public.blob.vercel-storage.com/image-zmLyrbOFMBFbmGIu2GNxH2n7oGXV74.png
blonde-woman,everyday-life,https://lftz25oez4aqbxpq.public.blob.vercel-storage.com/image-owJPywnOeodCtoL3AGI9WMoBz1mFTD.png
boarding-pass,everyday-life,https://lftz25oez4aqbxpq.public.blob.vercel-storage.com/image-uKZVI9p6OY74x3vdc1Rh1hs6JurUBJ.png
bobbin,everyday-life,https://lftz25oez4aqbxpq.public.blob.vercel-storage.com/image-uh1BHYwymv4VYfgghUPl1WOd5UsG3u.png
bobby-pin,everyday-life,https://lftz25oez4aqbxpq.public.blob.vercel-storage.com/image-V0YOIerEmE0AkSiuTDnvOVbdO1rNzv.png
bone,everyday-life,https://lftz25oez4aqbxpq.public.blob.vercel-storage.com/image-7tgO6LagJYCD9gdfRUrJhXjvElAjmX.png
book,everyday-life,https://lftz25oez4aqbxpq.public.blob.vercel-storage.com/image-QhvfavmoGfPmREwwvl4XtqTIORARDz.png
book-stand,everyday-life,https://lftz25oez4aqbxpq.public.blob.vercel-storage.com/image-lmZwNHvDDudA1Elq9BzRGAdMtAGw7Y.png
bookcase,everyday-life,https://lftz25oez4aqbxpq.public.blob.vercel-storage.com/image-YpMMDs2BCqLbWHCk2e1wO4TRBI4rtN.png
bookmark,everyday-life,https://lftz25oez4aqbxpq.public.blob.vercel-storage.com/image-WTzQemgI0sKVWwbmuJiv5AppLYBsEA.png
bookshelf,everyday-life,https://lftz25oez4aqbxpq.public.blob.vercel-storage.com/image-4r2tNFAParX1lIOupxBEg3fPYP7GuT.png
acrylic-paint-set,hobbies,https://lftz25oez4aqbxpq.public.blob.vercel-storage.com/image-g26RaF2CKzPGMGcxD1XdEpPefpKRj3.png
alchemy-bottle,hobbies,https://lftz25oez4aqbxpq.public.blob.vercel-storage.com/image-2ctTlqbgl8f8vy03i73UGQNO6iJPQR.png
amateur-radio,hobbies,https://lftz25oez4aqbxpq.public.blob.vercel-storage.com/image-AUvCQHacUTB8KZxKB9ojxo6xuGxVd4.png
ancient-coin,hobbies,https://lftz25oez4aqbxpq.public.blob.vercel-storage.com/image-Bot2RQmN2zy1wvCRmSEPAW3LyUmHQs.png
ant-farm,hobbies,https://lftz25oez4aqbxpq.public.blob.vercel-storage.com/image-WASfKIjnHtKTO3Q0zpFJXYyGXWDYL1.png
antique-camera,hobbies,https://lftz25oez4aqbxpq.public.blob.vercel-storage.com/image-nelV5fXP0J6wzKe9F0zN9I19RzDfPV.png
antique-compass,hobbies,https://lftz25oez4aqbxpq.public.blob.vercel-storage.com/image-7xwnJguDHupkoYjaSK8DsJxcSWWUDs.png
antique-fan,hobbies,https://lftz25oez4aqbxpq.public.blob.vercel-storage.com/image-c79Wb2y4hbewvqwTOnBnA15GL0rcd0.png
antique-key,hobbies,https://lftz25oez4aqbxpq.public.blob.vercel-storage.com/image-kz7rIU18pgEbaVAVaFMTX5DZtvc6wK.png
antique-music-box,hobbies,https://lftz25oez4aqbxpq.public.blob.vercel-storage.com/image-m2h9TkBU9tdRUx9HVr7i2CHIOiJJrX.png
antique-typewriter,hobbies,https://lftz25oez4aqbxpq.public.blob.vercel-storage.com/image-be8xmFJYFc07bftx1hh2kUaDYP22Jf.png
aquarium-castle,hobbies,https://lftz25oez4aqbxpq.public.blob.vercel-storage.com/image-zHzMeylEYZ0Jdp1hTvrrn1uFLxmFU9.png
aquarium-plant,hobbies,https://lftz25oez4aqbxpq.public.blob.vercel-storage.com/image-WqyKCoyVeC5LugymyFxs6JJdtjX3Co.png
aquascaping,hobbies,https://lftz25oez4aqbxpq.public.blob.vercel-storage.com/image-k8mJuQvX9N4zILsTuYmpRYBMYPr9WV.png
artist-palette,hobbies,https://lftz25oez4aqbxpq.public.blob.vercel-storage.com/image-WctLnuDk1OJ0wzB6A3ai0yTDzDJyOy.png
astrology,hobbies,https://lftz25oez4aqbxpq.public.blob.vercel-storage.com/image-JCoECyHh6q10nr74jp2NtJEr2vqbQD.png
astronomy-starter-kit,hobbies,https://lftz25oez4aqbxpq.public.blob.vercel-storage.com/image-H58Lfs1menLcyuqqotQz06Z5hbuhPd.png
astrophotography,hobbies,https://lftz25oez4aqbxpq.public.blob.vercel-storage.com/image-vyodYUyesf1zc8Ekxh8fKyV6CxOYz7.png
balloon-twisting,hobbies,https://lftz25oez4aqbxpq.public.blob.vercel-storage.com/image-UoeQE4tXuUjHRwBcYZoBK0NO0KKkRR.png
balsa-wood-plane,hobbies,https://lftz25oez4aqbxpq.public.blob.vercel-storage.com/image-fHR44hhPMuQ1ZB8UnuIFSR6ycusGL6.png
bamboo-brush,hobbies,https://lftz25oez4aqbxpq.public.blob.vercel-storage.com/image-V9hv7SS31sjWUeZIg88ITNvkIc4XIu.png
bamboo-flute,hobbies,https://lftz25oez4aqbxpq.public.blob.vercel-storage.com/image-K8WpsvdtRvUWzQ22jj0uzv6YdMKDRi.png
bamboo-fly-rod,hobbies,https://lftz25oez4aqbxpq.public.blob.vercel-storage.com/image-Ycotb6b541SFgHteXkWe8PBEz40vhq.png
barbecue,hobbies,https://lftz25oez4aqbxpq.public.blob.vercel-storage.com/image-x9EpCRtzM0WpuawNYFKwy3lIiiVymM.png
basic-baking-set,hobbies,https://lftz25oez4aqbxpq.public.blob.vercel-storage.com/image-5pHkFAOH2PdoeZ65oD86FZ0ikKXAvV.png
basic-coin-collecting-starter-kit,hobbies,https://lftz25oez4aqbxpq.public.blob.vercel-storage.com/image-s5q759g0K3TdkepJyYOhTf1nXLMXH5.png
basic-cooking-utensil-set,hobbies,https://lftz25oez4aqbxpq.public.blob.vercel-storage.com/image-Ioa8qhBkDgkmMQyTXx11jPfnAu04f2.png
basic-drawing-pad,hobbies,https://lftz25oez4aqbxpq.public.blob.vercel-storage.com/image-nY3Stc1545aP21dAi1IEbYlnc4rovS.png
basic-drawing-set,hobbies,https://lftz25oez4aqbxpq.public.blob.vercel-storage.com/image-YUEZ0IvV1QebqCy2NeJ36SQME8NGS1.png
basic-guitar-starter-kit,hobbies,https://lftz25oez4aqbxpq.public.blob.vercel-storage.com/image-BJz0fmucJEGGrPIYgB61hnDasFLZVU.png
basic-model-building-kit,hobbies,https://lftz25oez4aqbxpq.public.blob.vercel-storage.com/image-PEWP5FU4jm7Vi86sV6vBMzfa4nyKaO.png
basic-model-car-kit,hobbies,https://lftz25oez4aqbxpq.public.blob.vercel-storage.com/image-117oYuZE4FId8C80aDl35agQouFSE9.png
basic-painting-set,hobbies,https://lftz25oez4aqbxpq.public.blob.vercel-storage.com/image-ssKEWfi9bjDQID5odstlqnXjRwPn5p.png
basic-puzzle-cube,hobbies,https://lftz25oez4aqbxpq.public.blob.vercel-storage.com/image-6V0STVZ70izInmle2nunfbl6MSulb8.png
basic-sewing-kit,hobbies,https://lftz25oez4aqbxpq.public.blob.vercel-storage.com/image-43VZhAcU7JKxhtAu9AMg31aBRMouZl.png
basic-sketching-set,hobbies,https://lftz25oez4aqbxpq.public.blob.vercel-storage.com/image-JV2hPtMsyDeQ98moDOltstrXeRtH0h.png
basic-stamp-collecting-kit,hobbies,https://lftz25oez4aqbxpq.public.blob.vercel-storage.com/image-wE1rYp2Z3PN4jkJu69CRLL8qbik9Ud.png
bead-insect,hobbies,https://lftz25oez4aqbxpq.public.blob.vercel-storage.com/image-zUdept0UQMYnqo12HZSx4PHNkvGnPY.png
bead-loom,hobbies,https://lftz25oez4aqbxpq.public.blob.vercel-storage.com/image-ndCyTtxvHO3wa2LjISbz4ODg3XUrBt.png
beatboxing,hobbies,https://lftz25oez4aqbxpq.public.blob.vercel-storage.com/image-fzkD2FyDowdiTsSYEIr1KCywzu0Q78.png
beekeeping,hobbies,https://lftz25oez4aqbxpq.public.blob.vercel-storage.com/image-OxluGMKBVGmJPO9XTpuQxuZDXWSvME.png
bird-watching,hobbies,https://lftz25oez4aqbxpq.public.blob.vercel-storage.com/image-kZWOsxQdc7ER7WgPzblzJdbAjyMDHx.png
bird-watching-binoculars,hobbies,https://lftz25oez4aqbxpq.public.blob.vercel-storage.com/image-cni3o0BQKhCFsU0enNLsN9pIwKCvR4.png
birdhouse-building-kit,hobbies,https://lftz25oez4aqbxpq.public.blob.vercel-storage.com/image-KzOyIyooai3sO4LW2BXJXvvy8iENx2.png
bobber,hobbies,https://lftz25oez4aqbxpq.public.blob.vercel-storage.com/image-TL8bMoRX6UlSYEh94rhRzomt8ljL2D.png
bone-carving,hobbies,https://lftz25oez4aqbxpq.public.blob.vercel-storage.com/image-WWzJPoXB5wnosjCBLtwR1mym9XfmAg.png
bonsai-pruner,hobbies,https://lftz25oez4aqbxpq.public.blob.vercel-storage.com/image-GJDMva9wOjXzZeBy5r2QIseTNnKQab.png
bonsai-scissors,hobbies,https://lftz25oez4aqbxpq.public.blob.vercel-storage.com/image-hgWCXHWhKn8chxcBcvWUYIqRrzIawQ.png
bookbinding,hobbies,https://lftz25oez4aqbxpq.public.blob.vercel-storage.com/image-qxgHs56YVm0a2bw6jgL5iBJBoCl8iJ.png
boondoggle,hobbies,https://lftz25oez4aqbxpq.public.blob.vercel-storage.com/image-8tPuOBMgzP72XGNc0P8PLKtLvuviEP.png
botanical-bookmark,hobbies,https://lftz25oez4aqbxpq.public.blob.vercel-storage.com/image-FkkbVH8a8rFgdizl7yh0Wpa90dMaEN.png
bottle-cap-mosaic,hobbies,https://lftz25oez4aqbxpq.public.blob.vercel-storage.com/image-DXz46aXO2AKdaMVWikoBE7jj8RyB11.png
bottle-ship,hobbies,https://lftz25oez4aqbxpq.public.blob.vercel-storage.com/image-ZD6nzJp1cNq8Mtl6uXxIdf4CIoKB4y.png
bottle-terrarium,hobbies,https://lftz25oez4aqbxpq.public.blob.vercel-storage.com/image-2zB4fVnunvavPXRzQjNOuqOnyCK5cE.png
bow-1,hobbies,https://lftz25oez4aqbxpq.public.blob.vercel-storage.com/image-L4BhCA9GjBaFsQhEffnvlSbRMNJZy2.png
braided-rope,hobbies,https://lftz25oez4aqbxpq.public.blob.vercel-storage.com/image-HMciMUjKzF4ERNXjQjHnFQs40NqPwm.png
breakdance,hobbies,https://lftz25oez4aqbxpq.public.blob.vercel-storage.com/image-vk3gtbeQjsFGvoKSj4IHqIydtUbSSr.png
bubble-letter-graffiti,hobbies,https://lftz25oez4aqbxpq.public.blob.vercel-storage.com/image-Xpx8OcXKgbF9NytJIzZK6vfrHKJFNr.png
bug-hotel,hobbies,https://lftz25oez4aqbxpq.public.blob.vercel-storage.com/image-lkHct3cq5zV9536rncGe0b2HK9FrxU.png
bug-viewer,hobbies,https://lftz25oez4aqbxpq.public.blob.vercel-storage.com/image-Ugm39CKBkd5PT6FpJkgvrkeKQmGBfZ.png
bug-wing-collection,hobbies,https://lftz25oez4aqbxpq.public.blob.vercel-storage.com/image-eOjLAjWCYNdypyqXw2aDZJaIUhBJvt.png
butterfly-collecting,hobbies,https://lftz25oez4aqbxpq.public.blob.vercel-storage.com/image-BUflyZzy55bDv2Ou20Xt6sOTohVNMY.png
butterfly-net,hobbies,https://lftz25oez4aqbxpq.public.blob.vercel-storage.com/image-2yfP3gg0bnx6EkXIdcVjUByccybhmy.png
cactus-garden,hobbies,https://lftz25oez4aqbxpq.public.blob.vercel-storage.com/image-kWoJFUvA1Ik4Oax4MB5nucnE34Fj8r.png
calligraphy,hobbies,https://lftz25oez4aqbxpq.public.blob.vercel-storage.com/image-fs2N6IIs4VkGZQpjrS17tAgnWBFkbl.png
calligraphy-brush,hobbies,https://lftz25oez4aqbxpq.public.blob.vercel-storage.com/image-GjGo4bG6OeeWff35pPIKreYz6wDO2h.png
calligraphy-ink,hobbies,https://lftz25oez4aqbxpq.public.blob.vercel-storage.com/image-hk0ymnlwzTGREg33BfmrB3CUt5U50U.png
calligraphy-pen,hobbies,https://lftz25oez4aqbxpq.public.blob.vercel-storage.com/image-cYhhxZK8USyixUxUt4JapHqHqxNcln.png
calligraphy-practice-book,hobbies,https://lftz25oez4aqbxpq.public.blob.vercel-storage.com/image-uqbQgvm8wfMxwP35nXRvS4ZteqmoCU.png
calligraphy-practice-sheet,hobbies,https://lftz25oez4aqbxpq.public.blob.vercel-storage.com/image-UoZCNVlYn1yIihkqOuvoP8aCr1NCD0.png
calligraphy-set,hobbies,https://lftz25oez4aqbxpq.public.blob.vercel-storage.com/image-tRfo11d3TVT3JA1CtlD6iR8HZCvIQM.png
candle-dipper,hobbies,https://lftz25oez4aqbxpq.public.blob.vercel-storage.com/image-lrNKqcAOxNr6Eq0Uhn9PeOsCQ6iYYg.png
candle-making-kit,hobbies,https://lftz25oez4aqbxpq.public.blob.vercel-storage.com/image-KE3DIhgZNFwFvB0V7t9M1wagV0P3yg.png
candle-snuffer,hobbies,https://lftz25oez4aqbxpq.public.blob.vercel-storage.com/image-CAl5eO5mOj7UbFJbULFCtTqVIQAr7I.png
candy-thermometer,hobbies,https://lftz25oez4aqbxpq.public.blob.vercel-storage.com/image-GLQ2gZEQtV7C5Ln575xtQWrbnPnqTu.png
cap-gun,hobbies,https://lftz25oez4aqbxpq.public.blob.vercel-storage.com/image-VpVao4AGuxQ5J4CQ2BscHuXDbmRGUz.png
card-tower,hobbies,https://lftz25oez4aqbxpq.public.blob.vercel-storage.com/image-PKVBPe07CBiUVzeOudMnd7JxSJZC0X.png
cardboard-robot,hobbies,https://lftz25oez4aqbxpq.public.blob.vercel-storage.com/image-fqgk8WByX8LTNLZjpI7XuezvXV3Pjs.png
carving-chisel,hobbies,https://lftz25oez4aqbxpq.public.blob.vercel-storage.com/image-H7qlU8OpyyJ1O1HuS9m7INyXihjQ0s.png
ceramics,hobbies,https://lftz25oez4aqbxpq.public.blob.vercel-storage.com/image-An0FQyAYPowHQLfE5xttghWwhl59R6.png
acroyoga,sports,https://lftz25oez4aqbxpq.public.blob.vercel-storage.com/image-dtaMcEhZq00krkx7loYeCBCxweqFEu.png
airsoft-rifle,sports,https://lftz25oez4aqbxpq.public.blob.vercel-storage.com/image-1m7TYiG2QH0r7PB1qPx7YQQpxWe8eN.png
archery,sports,https://lftz25oez4aqbxpq.public.blob.vercel-storage.com/image-nCjxUAHhQSCnxKAAWsAVKrGkAFASO6.png
archery-target-face,sports,https://lftz25oez4aqbxpq.public.blob.vercel-storage.com/image-IN2kL2g7P9fQEzxXoHR3UlFeAEcnAr.png
axe-throwing-target,sports,https://lftz25oez4aqbxpq.public.blob.vercel-storage.com/image-Me5nowoLwUgiSXwFyvhmej3OwiT8Ch.png
badminton,sports,https://lftz25oez4aqbxpq.public.blob.vercel-storage.com/image-kvlakhsxgX3GXfGAfnwfoLIkUTeGnu.png
badminton-racket-and-shuttlecocks,sports,https://lftz25oez4aqbxpq.public.blob.vercel-storage.com/image-1kjvKsysrh4qk9zN4LVA0FnUACvdAM.png
badminton-shuttlecock,sports,https://lftz25oez4aqbxpq.public.blob.vercel-storage.com/image-IPe6fFeR1w6DVZ2143Y6YCLibSOdq7.png
balance-beam,sports,https://lftz25oez4aqbxpq.public.blob.vercel-storage.com/image-5h20MvTdyVz5al3Bk2Ap7OFOxqK55t.png
balance-bike,sports,https://lftz25oez4aqbxpq.public.blob.vercel-storage.com/image-EaTK6msR9ZzkRYsZ1sIxscR6Pwwt1M.png
balance-trainer,sports,https://lftz25oez4aqbxpq.public.blob.vercel-storage.com/image-xUcgssleQblQxEzh7qujlyLMsnWnkd.png
ballet-slipper,sports,https://lftz25oez4aqbxpq.public.blob.vercel-storage.com/image-Efz7Iu3oNJw21SxOxcvxIGBlnSlceZ.png
bandy-stick,sports,https://lftz25oez4aqbxpq.public.blob.vercel-storage.com/image-kTtPemZDWw513tN4C4SdtPX5KaPX6n.png
barbell,sports,https://lftz25oez4aqbxpq.public.blob.vercel-storage.com/image-v1ZuG3dT9iz88ax4OhUmF7CVnbNDGA.png
barbell-bar,sports,https://lftz25oez4aqbxpq.public.blob.vercel-storage.com/image-CnFasqlMn5zS14SWAYcNk3SEko62BC.png
baseball,sports,https://lftz25oez4aqbxpq.public.blob.vercel-storage.com/image-n9iB7PuLybhhTQu8iTxJquuTNyzHwO.png
baseball-bat,sports,https://lftz25oez4aqbxpq.public.blob.vercel-storage.com/image-hKj5BN3zRfTTWfN5tALws4dUbjwboS.png
baseball-field,sports,https://lftz25oez4aqbxpq.public.blob.vercel-storage.com/image-CJxDBoXT1rYysuIcqKv7ZgFXcMmVR8.png
baseball-glove,sports,https://lftz25oez4aqbxpq.public.blob.vercel-storage.com/image-CX1AXPSpbznN7ptV0ESDhhWp3HJG9C.png
baseball-mitt,sports,https://lftz25oez4aqbxpq.public.blob.vercel-storage.com/image-X3fTOJJScsSgQocnSTz5Y4kAwqPEvB.png
baseball-umpire-mask,sports,https://lftz25oez4aqbxpq.public.blob.vercel-storage.com/image-UoIvdTJKHcfslUDzRcdn8P05mDlV0a.png
basic-soccer-ball,sports,https://lftz25oez4aqbxpq.public.blob.vercel-storage.com/image-oodkGtzvbhnQoJYf5KqICnB8NzXqKj.png
basketball,sports,https://lftz25oez4aqbxpq.public.blob.vercel-storage.com/image-wtyoroPu9pUAx5xLx8Cnko454idKhb.png
basketball-court,sports,https://lftz25oez4aqbxpq.public.blob.vercel-storage.com/image-FE96U2EqvCUOinHwWHgi4KWnZB8cVX.png
basketball-hoop,sports,https://lftz25oez4aqbxpq.public.blob.vercel-storage.com/image-E21FgT9Pz5kNyIGOcEphh9pLFySpZG.png
batting-cage,sports,https://lftz25oez4aqbxpq.public.blob.vercel-storage.com/image-tiVzRJgZC2KfLa2bvmEJuUuAq4U4N5.png
beach-paddle-bat,sports,https://lftz25oez4aqbxpq.public.blob.vercel-storage.com/image-AfLuAnMdbzWWwgEgI6buzh8OW3gUWi.png
beach-spikeball-set,sports,https://lftz25oez4aqbxpq.public.blob.vercel-storage.com/image-EqpAV6PN3nUufSXYvyoxPkhn3apiuV.png
beach-volleyball-medal,sports,https://lftz25oez4aqbxpq.public.blob.vercel-storage.com/image-n2OqDKcGKH9xDJ19kuU6cnCXfh2DQf.png
biathlon-rifle,sports,https://lftz25oez4aqbxpq.public.blob.vercel-storage.com/image-fmoR9RQt3wjK6BRinBzqixORlYzZ2N.png
bicycle-helmet,sports,https://lftz25oez4aqbxpq.public.blob.vercel-storage.com/image-mRaTKeJ5HA5ncBWzJhJdJsPyLZasdW.png
billiard-ball,sports,https://lftz25oez4aqbxpq.public.blob.vercel-storage.com/image-qGuiTtfeR2vfAiwPrNi4auSgF4MpgF.png
blindfold,sports,https://lftz25oez4aqbxpq.public.blob.vercel-storage.com/image-sDRQq8rM0IxzhJJz1egGmbAodV4Mxi.png
bmx-bike,sports,https://lftz25oez4aqbxpq.public.blob.vercel-storage.com/image-yEKyborPifLUAGwbPpFeYc7Pl55K0R.png
bobsled,sports,https://lftz25oez4aqbxpq.public.blob.vercel-storage.com/image-I320CGs6UARUxJBFvSONLRQ7kOVxaa.png
bocce-ball,sports,https://lftz25oez4aqbxpq.public.blob.vercel-storage.com/image-tYCPoyabWrdiBRllWP6EffmFFLxLrr.png
boomerang,sports,https://lftz25oez4aqbxpq.public.blob.vercel-storage.com/image-Q0N6efD2TGtuw53WpCziRGinuvTo2b.png
bowling,sports,https://lftz25oez4aqbxpq.public.blob.vercel-storage.com/image-DFiJBJyUFg9QYTZOWEFeeza18HBnty.png
bowling-pin,sports,https://lftz25oez4aqbxpq.public.blob.vercel-storage.com/image-tCAgNJFhakrSnJncO5rcq0QnAUXgOY.png
boxing,sports,https://lftz25oez4aqbxpq.public.blob.vercel-storage.com/image-saKmXkEcaP7q680JSkKfeavyiK02CZ.png
boxing-gloves,sports,https://lftz25oez4aqbxpq.public.blob.vercel-storage.com/image-IOMyJ5Y18e6rvD4OI40l2fugRE5h68.png
boxing-ring,sports,https://lftz25oez4aqbxpq.public.blob.vercel-storage.com/image-xSAO7d19iyewIs54bcGn7pfUhnIWWm.png
bronze-medal,sports,https://lftz25oez4aqbxpq.public.blob.vercel-storage.com/image-d3agw3fFjG8aNaNQ9wb5mFR7MmiorE.png
bronze-medal-1,sports,https://lftz25oez4aqbxpq.public.blob.vercel-storage.com/image-032VTj3ilpLmotvPrbG8cdvsxEkatj.png
broomstick-pony,sports,https://lftz25oez4aqbxpq.public.blob.vercel-storage.com/image-NqHialSkdbDUYrJfwpTPnYlPC4eUqX.png
bubble-suit,sports,https://lftz25oez4aqbxpq.public.blob.vercel-storage.com/image-N7tkD0iGgmy7SEH9raHwBRpFFGt8UG.png
bullseye,sports,https://lftz25oez4aqbxpq.public.blob.vercel-storage.com/image-UBPAXo0vQIhBFtauhMrSg5ItGEH4Mb.png
caber,sports,https://lftz25oez4aqbxpq.public.blob.vercel-storage.com/image-1sCRLDUFvX3ZUIHXrIuHmoOuo1vs3c.png
calisthenics-pull-up,sports,https://lftz25oez4aqbxpq.public.blob.vercel-storage.com/image-uIJ0V9gdTT9vgvPYr3XB4NS0mIHpAV.png
canoe-paddle,sports,https://lftz25oez4aqbxpq.public.blob.vercel-storage.com/image-CF80mBD4TgNl8Ll11SCrVBxC3f3Lxb.png
canon,sports,https://lftz25oez4aqbxpq.public.blob.vercel-storage.com/image-TpCm89uhtjFUgHVG8BF1OfP1WLBKm8.png
carbon-fiber-running-blade,sports,https://lftz25oez4aqbxpq.public.blob.vercel-storage.com/image-YyzAUk1LDM7azYsvrdtWhuIVtNPvaU.png
champions-league-trophy,sports,https://lftz25oez4aqbxpq.public.blob.vercel-storage.com/image-w8NtantgFMjj3CJ5ymBFSxlKw1mMxO.png
cheer-sticks,sports,https://lftz25oez4aqbxpq.public.blob.vercel-storage.com/image-2ot0vnz2DMUsY0nAurCn735yAZvkev.png
cheerleader-pom-pom,sports,https://lftz25oez4aqbxpq.public.blob.vercel-storage.com/image-0g9C4oWqXrxMkhPdwfz3RSsVatQZkd.png
cheerleader-uniform,sports,https://lftz25oez4aqbxpq.public.blob.vercel-storage.com/image-zqMF2bi6Qo9DoaposlGgyxO6DHbgx1.png
cliff-diving-platform,sports,https://lftz25oez4aqbxpq.public.blob.vercel-storage.com/image-bBCSTLaRUWAzdpwuFnYpLP3e11Qnxp.png
climbing-carabiner,sports,https://lftz25oez4aqbxpq.public.blob.vercel-storage.com/image-LafECG9QYrFrTCGQhETk5PpglJJ0xE.png
climbing-chalk-ball,sports,https://lftz25oez4aqbxpq.public.blob.vercel-storage.com/image-msU2Y8v7VMBZOZ7dhbWsNszAZjQ4KW.png
climbing-crash-pad,sports,https://lftz25oez4aqbxpq.public.blob.vercel-storage.com/image-6jW8W9GVfTFTQirqqSx6Lnb697mjhD.png
climbing-harness,sports,https://lftz25oez4aqbxpq.public.blob.vercel-storage.com/image-8prKBO9xtOf7HHZzSKvGDilPuZP2ov.png
climbing-rope,sports,https://lftz25oez4aqbxpq.public.blob.vercel-storage.com/image-MtdTdB8RNmwhC9KDqEXuInoiZUObrl.png
climbing-shoes,sports,https://lftz25oez4aqbxpq.public.blob.vercel-storage.com/image-sJgWibGPdC1L8eMdmFPI0wAWmdtlhy.png
climbing-wall-hold,sports,https://lftz25oez4aqbxpq.public.blob.vercel-storage.com/image-Q8oFArdVsSpRuOGUkQD6zAi8YvNnzQ.png
cones-sports-training,sports,https://lftz25oez4aqbxpq.public.blob.vercel-storage.com/image-cCR40U68UslFNEFRzVWo29iVvfTtZe.png
cornhole-board,sports,https://lftz25oez4aqbxpq.public.blob.vercel-storage.com/image-CMFpAG1vlRJHmXJkxUfuxoTbCGvGVR.png
crash-mat,sports,https://lftz25oez4aqbxpq.public.blob.vercel-storage.com/image-LWq4x5ZUGJST2yhBuWr8dCoQuylSyJ.png
cricket-ball,sports,https://lftz25oez4aqbxpq.public.blob.vercel-storage.com/image-fL7zSN1ZX6VO4X5vzBSrU9mZ5RKeXs.png
cricket-bat,sports,https://lftz25oez4aqbxpq.public.blob.vercel-storage.com/image-COfvWpAYvRueX3S5L3lb3qWYCyvJlZ.png
cricket-wicket,sports,https://lftz25oez4aqbxpq.public.blob.vercel-storage.com/image-8GadC04l0RVAky40HZxWf6s7C76Grc.png
croquet,sports,https://lftz25oez4aqbxpq.public.blob.vercel-storage.com/image-vG8RHE2iQPLT9ujxBKej42DhR8oc57.png
crossbow,sports,https://lftz25oez4aqbxpq.public.blob.vercel-storage.com/image-xXOjVeLoQWM290rQUnAdCF68L65Vzm.png
cue-chalk,sports,https://lftz25oez4aqbxpq.public.blob.vercel-storage.com/image-ZwFGFuY0boS1p2lyQb9l7VHeXCvK4u.png
cup-sports-reward,sports,https://lftz25oez4aqbxpq.public.blob.vercel-storage.com/image-x7AMcdc77bLjrT7fLhP52TPpyoaLvY.png
curling-broom,sports,https://lftz25oez4aqbxpq.public.blob.vercel-storage.com/image-grNhfhFpMPniypCyGbPEN67ZUxDF6B.png
curling-slider,sports,https://lftz25oez4aqbxpq.public.blob.vercel-storage.com/image-APvSDpd4kbVe9PRrkqLp7aEzSqxKed.png
curling-stone,sports,https://lftz25oez4aqbxpq.public.blob.vercel-storage.com/image-wCDpbmcrAhvrVHfo5SKyJxhrqK1Zov.png
curling-stone-1,sports,https://lftz25oez4aqbxpq.public.blob.vercel-storage.com/image-yOsueeqRGYWreXBSugk96hWMw4F770.png
cyclist,sports,https://lftz25oez4aqbxpq.public.blob.vercel-storage.com/image-7uQbDvkkW2K4Skr2IKjbPCuxOd9vVs.png
dartboard-1,sports,https://lftz25oez4aqbxpq.public.blob.vercel-storage.com/image-4zYguSZB6UP1flmAS5jTlROpeglh5s.png
3d-printer,work-industry,https://lftz25oez4aqbxpq.public.blob.vercel-storage.com/image-ZZ0IoaFUHeF79EjuQcqVsBIxSmkGHI.png
access-badge,work-industry,https://lftz25oez4aqbxpq.public.blob.vercel-storage.com/image-LgJtJMdXyy6r9nndIpTAr1cJM1BJ9i.png
acquisition,work-industry,https://lftz25oez4aqbxpq.public.blob.vercel-storage.com/image-pjAr8DqhLOXJOK3uxfLYQbs3dpK3cz.png
air-quality-monitor,work-industry,https://lftz25oez4aqbxpq.public.blob.vercel-storage.com/image-P4rv8JBlEKg0xahi8heh0Y2t5zt4Jr.png
